strike,days_to_expiration,impliedVolatility,expirationDate,optionType,volume,openInterest,bid,ask,lastPrice
540.0,1,1.0268603344726563,2025-05-29,call,6.0,195.0,47.49,49.46,50.01
550.0,1,1.0468797656250002,2025-05-29,call,274.0,13.0,36.03,39.44,41.05
551.0,1,1.0244189404296875,2025-05-29,call,19.0,5.0,35.04,38.43,38.64
552.0,1,1.003667091064453,2025-05-29,call,23.0,2.0,34.03,37.43,37.64
557.0,1,0.9018564501953124,2025-05-29,call,8.0,3.0,28.97,32.45,22.21
560.0,1,0.8378922460937499,2025-05-29,call,19.0,19.0,26.04,29.45,28.17
562.0,1,0.7963887548828125,2025-05-29,call,8.0,20.0,24.29,27.46,26.02
563.0,1,0.7746604565429689,2025-05-29,call,9.0,33.0,23.05,26.46,27.66
564.0,1,0.7526880200195312,2025-05-29,call,6.0,30.0,21.98,25.46,26.48
565.0,1,0.729494892578125,2025-05-29,call,20.0,47.0,20.98,24.45,22.69
566.0,1,0.7072783178710937,2025-05-29,call,25.0,73.0,19.99,23.45,21.46
569.0,1,0.6635775830078127,2025-05-29,call,9.0,12.0,17.04,20.63,21.52
570.0,1,0.56055126953125,2025-05-29,call,156.0,135.0,17.69,19.03,17.34
571.0,1,0.4489801196289062,2025-05-29,call,125.0,61.0,16.72,17.45,18.1
572.0,1,0.3510807080078124,2025-05-29,call,43.0,26.0,15.9,16.06,15.7
573.0,1,0.335944140625,2025-05-29,call,16.0,24.0,14.93,15.07,15.0
574.0,1,0.3247137841796874,2025-05-29,call,27.0,88.0,13.96,14.1,14.08
575.0,1,0.3169013623046874,2025-05-29,call,459.0,288.0,13.0,13.15,13.25
576.0,1,0.3054268676757812,2025-05-29,call,46.0,211.0,12.05,12.19,12.41
577.0,1,0.2981027221679687,2025-05-29,call,31.0,318.0,11.12,11.26,11.16
578.0,1,0.2902903002929687,2025-05-29,call,222.0,503.0,10.21,10.34,10.1
579.0,1,0.2834544311523437,2025-05-29,call,97.0,570.0,9.31,9.44,9.37
580.0,1,0.2756420092773437,2025-05-29,call,541.0,598.0,8.43,8.55,8.54
581.0,1,0.2692944165039062,2025-05-29,call,281.0,504.0,7.58,7.69,7.6
582.0,1,0.2622144091796875,2025-05-29,call,671.0,494.0,6.76,6.85,6.82
583.0,1,0.2553785400390626,2025-05-29,call,672.0,586.0,5.97,6.04,6.13
584.0,1,0.2501295690917968,2025-05-29,call,860.0,858.0,5.21,5.28,5.23
585.0,1,0.2458571508789062,2025-05-29,call,5305.0,1262.0,4.5,4.57,4.54
586.0,1,0.2410964562988281,2025-05-29,call,5674.0,712.0,3.85,3.9,3.9
587.0,1,0.2373123144531249,2025-05-29,call,5842.0,1234.0,3.25,3.29,3.27
588.0,1,0.2331619653320312,2025-05-29,call,17541.0,1205.0,2.7,2.73,2.72
589.0,1,0.2312088598632812,2025-05-29,call,32023.0,1209.0,2.22,2.25,2.22
590.0,1,0.2276688562011718,2025-05-29,call,99539.0,3182.0,1.8,1.81,1.8
591.0,1,0.2280350634765625,2025-05-29,call,61846.0,1549.0,1.44,1.47,1.44
592.0,1,0.2275467871093749,2025-05-29,call,61067.0,3577.0,1.14,1.17,1.17
593.0,1,0.2260819580078125,2025-05-29,call,33683.0,1320.0,0.9,0.91,0.91
594.0,1,0.2253495434570312,2025-05-29,call,23774.0,1457.0,0.69,0.7,0.7
595.0,1,0.2246171289062499,2025-05-29,call,44430.0,2180.0,0.52,0.53,0.52
596.0,1,0.2231522998046874,2025-05-29,call,19783.0,1269.0,0.38,0.39,0.38
597.0,1,0.2211991943359375,2025-05-29,call,18943.0,1384.0,0.27,0.28,0.28
598.0,1,0.2231522998046874,2025-05-29,call,21668.0,851.0,0.2,0.21,0.21
599.0,1,0.2226640234374999,2025-05-29,call,7431.0,1858.0,0.14,0.15,0.15
600.0,1,0.2207109179687499,2025-05-29,call,29367.0,6002.0,0.09,0.1,0.1
601.0,1,0.2207109179687499,2025-05-29,call,6573.0,3727.0,0.06,0.07,0.07
602.0,1,0.2226640234374999,2025-05-29,call,5706.0,1326.0,0.04,0.05,0.05
603.0,1,0.22852333984375,2025-05-29,call,3895.0,791.0,0.03,0.04,0.03
604.0,1,0.2304764453125,2025-05-29,call,2959.0,837.0,0.02,0.03,0.03
605.0,1,0.24414818359375,2025-05-29,call,6173.0,1896.0,0.02,0.03,0.02
606.0,1,0.242195078125,2025-05-29,call,4367.0,1177.0,0.01,0.02,0.02
607.0,1,0.2539137109375,2025-05-29,call,1890.0,452.0,0.01,0.02,0.01
608.0,1,0.26563234375,2025-05-29,call,1198.0,1294.0,0.01,0.02,0.01
609.0,1,0.257819921875,2025-05-29,call,813.0,761.0,0.0,0.01,0.01
610.0,1,0.26563234375,2025-05-29,call,953.0,2272.0,0.0,0.01,0.01
611.0,1,0.2773509765624999,2025-05-29,call,338.0,2213.0,0.0,0.01,0.01
612.0,1,0.2890696093749999,2025-05-29,call,431.0,1453.0,0.0,0.01,0.01
613.0,1,0.2968820312499999,2025-05-29,call,101.0,1385.0,0.0,0.01,0.01
614.0,1,0.3086006640625,2025-05-29,call,22.0,880.0,0.0,0.01,0.01
615.0,1,0.3203192968749999,2025-05-29,call,156.0,1736.0,0.0,0.01,0.01
616.0,1,0.3281317187499999,2025-05-29,call,344.0,143.0,0.0,0.01,0.01
617.0,1,0.335944140625,2025-05-29,call,12.0,222.0,0.0,0.01,0.02
618.0,1,0.3515689843749999,2025-05-29,call,101.0,178.0,0.0,0.01,0.01
619.0,1,0.35938140625,2025-05-29,call,22.0,23.0,0.0,0.01,0.01
620.0,1,0.367193828125,2025-05-29,call,313.0,455.0,0.0,0.01,0.01
622.0,1,0.39063109375,2025-05-29,call,27.0,3.0,0.0,0.01,0.01
623.0,1,0.398443515625,2025-05-29,call,319.0,41.0,0.0,0.01,0.01
624.0,1,0.4062559375,2025-05-29,call,112.0,130.0,0.0,0.01,0.01
625.0,1,0.42188078125,2025-05-29,call,2.0,1286.0,0.0,0.01,0.01
630.0,1,0.4687553125,2025-05-29,call,1.0,128.0,0.0,0.01,0.01
640.0,1,0.5312546875,2025-05-29,call,1.0,286.0,0.0,0.01,0.02
645.0,1,0.57812921875,2025-05-29,call,10.0,262.0,0.0,0.01,0.01
528.0,2,0.6699251757812501,2025-05-30,call,7.0,239.0,59.16,60.6,63.13
529.0,2,0.6894562304687502,2025-05-30,call,12.0,185.0,58.28,59.59,60.93
530.0,2,0.6455113574218749,2025-05-30,call,49.0,1835.0,57.16,58.59,57.3
531.0,2,0.6357458300781251,2025-05-30,call,3.0,407.0,56.16,57.59,58.71
532.0,2,0.63086306640625,2025-05-30,call,1.0,160.0,55.16,56.61,58.33
533.0,2,0.6054726953125001,2025-05-30,call,1.0,171.0,54.16,55.56,57.3
534.0,2,0.6435582519531251,2025-05-30,call,1.0,224.0,53.31,54.59,55.88
535.0,2,0.7412135253906249,2025-05-30,call,28.0,1638.0,52.95,53.6,53.46
536.0,2,0.5898478515625001,2025-05-30,call,2.0,223.0,51.16,52.61,54.54
537.0,2,0.70117486328125,2025-05-30,call,3.0,941.0,50.83,51.6,52.3
538.0,2,0.577152666015625,2025-05-30,call,2.0,1144.0,49.22,50.58,51.18
539.0,2,0.5742230078125,2025-05-30,call,2.0,1473.0,48.23,49.6,51.09
540.0,2,0.6860382958984376,2025-05-30,call,144.0,2207.0,47.99,48.6,48.14
541.0,2,0.5390671093750001,2025-05-30,call,1.0,1155.0,46.17,47.6,50.1
542.0,2,0.5283250292968751,2025-05-30,call,18.0,891.0,45.17,46.6,48.63
543.0,2,0.5097705273437501,2025-05-30,call,9.0,936.0,44.17,45.57,44.71
544.0,2,0.5405319384765627,2025-05-30,call,35.0,574.0,43.32,44.6,48.86
545.0,2,0.6098671826171876,2025-05-30,call,20.0,1601.0,42.84,43.62,42.98
546.0,2,0.6750520776367189,2025-05-30,call,8.0,415.0,41.18,42.61,43.65
547.0,2,0.585941640625,2025-05-30,call,5.0,1516.0,40.85,41.61,40.97
548.0,2,0.6489292919921875,2025-05-30,call,7.0,624.0,39.18,40.61,41.22
549.0,2,0.561527822265625,2025-05-30,call,11.0,881.0,38.84,39.62,41.38
550.0,2,0.5039112109375,2025-05-30,call,32.0,4708.0,37.84,38.26,38.08
551.0,2,0.5524947094726562,2025-05-30,call,33.0,656.0,36.18,37.3,38.65
552.0,2,0.52539537109375,2025-05-30,call,8.0,1199.0,35.85,36.61,36.09
553.0,2,0.5141650146484374,2025-05-30,call,26.0,872.0,34.85,35.62,37.52
554.0,2,0.5022022436523439,2025-05-30,call,20.0,705.0,33.85,34.62,36.38
555.0,2,0.5581098876953126,2025-05-30,call,108.0,4098.0,32.32,33.62,32.53
556.0,2,0.5461471166992189,2025-05-30,call,8.0,1000.0,31.88,32.63,33.18
557.0,2,0.5327195166015625,2025-05-30,call,5.0,1074.0,30.32,31.63,31.3
558.0,2,0.5192919165039063,2025-05-30,call,2.0,1010.0,29.87,30.63,32.24
559.0,2,0.5073291455078125,2025-05-30,call,1.0,1574.0,28.33,29.64,32.23
560.0,2,0.4965870654296875,2025-05-30,call,274.0,2769.0,27.34,28.66,28.29
561.0,2,0.4841360180664062,2025-05-30,call,42.0,1954.0,26.34,27.67,29.28
562.0,2,0.4580132324218751,2025-05-30,call,225.0,1058.0,25.93,26.58,26.24
563.0,2,0.4553277124023437,2025-05-30,call,190.0,874.0,24.59,25.66,24.69
564.0,2,0.3842835009765625,2025-05-30,call,24.0,979.0,24.1,24.27,23.87
565.0,2,0.3732972827148437,2025-05-30,call,100.0,2255.0,23.12,23.28,23.05
566.0,2,0.3637758935546875,2025-05-30,call,12.0,1044.0,22.13,22.3,22.1
567.0,2,0.3537662280273437,2025-05-30,call,34.0,1999.0,21.16,21.32,21.25
568.0,2,0.3435124243164062,2025-05-30,call,264.0,1371.0,20.18,20.34,21.16
569.0,2,0.3344793115234374,2025-05-30,call,177.0,1893.0,19.21,19.37,19.17
570.0,2,0.3273993041992187,2025-05-30,call,259.0,18843.0,18.25,18.42,17.75
571.0,2,0.317389638671875,2025-05-30,call,61.0,1302.0,17.29,17.45,16.78
572.0,2,0.3083565258789062,2025-05-30,call,36.0,1418.0,16.34,16.49,16.74
573.0,2,0.3009103112792969,2025-05-30,call,31.0,864.0,15.4,15.55,15.56
574.0,2,0.293830303955078,2025-05-30,call,39.0,2168.0,14.48,14.62,14.62
575.0,2,0.2868723657226562,2025-05-30,call,143.0,4415.0,13.56,13.7,13.61
576.0,2,0.2810130493164062,2025-05-30,call,140.0,1786.0,12.66,12.8,12.35
577.0,2,0.2758861474609374,2025-05-30,call,410.0,1718.0,11.77,11.92,11.34
578.0,2,0.2686840710449218,2025-05-30,call,117.0,3096.0,10.9,11.03,10.7
579.0,2,0.2628247546386719,2025-05-30,call,200.0,1616.0,10.05,10.17,10.1
580.0,2,0.2585523364257813,2025-05-30,call,1805.0,8718.0,9.22,9.35,9.37
581.0,2,0.2522047436523437,2025-05-30,call,209.0,2223.0,8.42,8.52,8.5
582.0,2,0.2476881872558593,2025-05-30,call,201.0,2699.0,7.64,7.74,7.65
583.0,2,0.2428054235839843,2025-05-30,call,586.0,3192.0,6.89,6.98,6.75
584.0,2,0.2386550744628906,2025-05-30,call,457.0,2312.0,6.18,6.26,6.18
585.0,2,0.2345047253417968,2025-05-30,call,3205.0,23698.0,5.51,5.57,5.6
586.0,2,0.2310867907714844,2025-05-30,call,2050.0,5497.0,4.88,4.93,4.92
587.0,2,0.2279129943847656,2025-05-30,call,3293.0,4919.0,4.28,4.33,4.31
588.0,2,0.2254716125488281,2025-05-30,call,7508.0,4393.0,3.74,3.78,3.76
589.0,2,0.2227860925292968,2025-05-30,call,9452.0,6130.0,3.24,3.27,3.25
590.0,2,0.2201005725097655,2025-05-30,call,35289.0,28274.0,2.78,2.8,2.8
591.0,2,0.2191240197753906,2025-05-30,call,17390.0,5558.0,2.39,2.4,2.4
592.0,2,0.2175371215820312,2025-05-30,call,35508.0,5261.0,2.0,2.03,2.02
593.0,2,0.2164384997558593,2025-05-30,call,13792.0,3750.0,1.67,1.71,1.69
594.0,2,0.2149736706542968,2025-05-30,call,7843.0,3964.0,1.39,1.42,1.39
595.0,2,0.21289849609375,2025-05-30,call,38360.0,33670.0,1.15,1.16,1.15
596.0,2,0.2111895288085937,2025-05-30,call,8316.0,4274.0,0.93,0.94,0.93
597.0,2,0.2102129760742187,2025-05-30,call,8099.0,4916.0,0.74,0.76,0.74
598.0,2,0.2094805615234374,2025-05-30,call,8727.0,3321.0,0.59,0.61,0.61
599.0,2,0.2082598706054687,2025-05-30,call,9096.0,3336.0,0.46,0.48,0.46
600.0,2,0.2065509033203124,2025-05-30,call,28311.0,22976.0,0.36,0.37,0.38
601.0,2,0.2063067651367187,2025-05-30,call,3271.0,2479.0,0.28,0.29,0.29
602.0,2,0.2050860742187499,2025-05-30,call,3277.0,5040.0,0.21,0.22,0.21
603.0,2,0.2050860742187499,2025-05-30,call,3421.0,6419.0,0.16,0.17,0.17
604.0,2,0.2050860742187499,2025-05-30,call,1767.0,3558.0,0.12,0.13,0.12
605.0,2,0.2060626269531249,2025-05-30,call,9825.0,37619.0,0.09,0.1,0.09
606.0,2,0.2031329687499999,2025-05-30,call,3797.0,2785.0,0.06,0.07,0.06
607.0,2,0.2021564160156249,2025-05-30,call,1652.0,2752.0,0.04,0.05,0.04
608.0,2,0.2050860742187499,2025-05-30,call,1757.0,2328.0,0.03,0.04,0.03
609.0,2,0.2050860742187499,2025-05-30,call,1269.0,2901.0,0.02,0.03,0.03
610.0,2,0.213875048828125,2025-05-30,call,6480.0,20477.0,0.02,0.03,0.03
611.0,2,0.2109453906249999,2025-05-30,call,1205.0,1719.0,0.01,0.02,0.02
612.0,2,0.2187578124999999,2025-05-30,call,430.0,1899.0,0.01,0.02,0.02
613.0,2,0.2265702343749999,2025-05-30,call,241.0,6429.0,0.01,0.02,0.02
614.0,2,0.2187578124999999,2025-05-30,call,1167.0,2499.0,0.0,0.01,0.01
615.0,2,0.2265702343749999,2025-05-30,call,419.0,9100.0,0.0,0.01,0.01
616.0,2,0.23438265625,2025-05-30,call,156.0,1738.0,0.0,0.01,0.01
617.0,2,0.2382888671874999,2025-05-30,call,353.0,2228.0,0.0,0.01,0.01
618.0,2,0.2461012890625,2025-05-30,call,52.0,4116.0,0.0,0.01,0.01
619.0,2,0.2539137109375,2025-05-30,call,21.0,1101.0,0.0,0.01,0.01
620.0,2,0.2617261328125,2025-05-30,call,352.0,9380.0,0.0,0.01,0.01
621.0,2,0.26563234375,2025-05-30,call,52.0,1958.0,0.0,0.01,0.01
622.0,2,0.273444765625,2025-05-30,call,44.0,1169.0,0.0,0.01,0.01
623.0,2,0.2812571874999999,2025-05-30,call,1314.0,19642.0,0.0,0.01,0.01
624.0,2,0.2890696093749999,2025-05-30,call,20.0,950.0,0.0,0.01,0.01
625.0,2,0.2968820312499999,2025-05-30,call,602.0,5960.0,0.0,0.01,0.01
626.0,2,0.304694453125,2025-05-30,call,20.0,4483.0,0.0,0.01,0.01
627.0,2,0.3125068749999999,2025-05-30,call,60.0,1018.0,0.0,0.01,0.01
628.0,2,0.3164130859374999,2025-05-30,call,40.0,3348.0,0.0,0.01,0.01
629.0,2,0.3242255078124999,2025-05-30,call,27.0,1104.0,0.0,0.01,0.02
630.0,2,0.3281317187499999,2025-05-30,call,22.0,4840.0,0.0,0.01,0.01
631.0,2,0.335944140625,2025-05-30,call,76.0,1369.0,0.0,0.01,0.01
632.0,2,0.3437565625,2025-05-30,call,1.0,970.0,0.0,0.01,0.03
633.0,2,0.3515689843749999,2025-05-30,call,1.0,760.0,0.0,0.01,0.02
634.0,2,0.35938140625,2025-05-30,call,268.0,1125.0,0.0,0.01,0.02
635.0,2,0.367193828125,2025-05-30,call,10.0,4002.0,0.0,0.01,0.01
640.0,2,0.398443515625,2025-05-30,call,1.0,8890.0,0.0,0.01,0.01
645.0,2,0.429693203125,2025-05-30,call,13.0,666.0,0.0,0.01,0.01
530.0,5,0.6892120922851563,2025-06-02,call,6.0,6.0,56.3,59.86,58.18
540.0,5,0.5959513061523438,2025-06-02,call,27.0,7.0,46.51,49.87,50.0
545.0,5,0.549076774902344,2025-06-02,call,8.0,3.0,41.51,44.88,42.17
550.0,5,0.5018360363769532,2025-06-02,call,8.0,11.0,36.57,39.89,37.95
555.0,5,0.4517877087402344,2025-06-02,call,9.0,7.0,31.54,34.87,35.55
559.0,5,0.2930978894042968,2025-06-02,call,12.0,3.0,29.2,29.36,21.41
560.0,5,0.2861399511718749,2025-06-02,call,8.0,22.0,28.21,28.37,31.5
561.0,5,0.2789378747558593,2025-06-02,call,8.0,1.0,27.22,27.38,22.09
564.0,5,0.2600171655273438,2025-06-02,call,13.0,1.0,24.27,24.44,26.07
565.0,5,0.2534254345703125,2025-06-02,call,4.0,41.0,23.3,23.46,23.15
566.0,5,0.2474440490722656,2025-06-02,call,26.0,22.0,22.33,22.49,25.35
567.0,5,0.2413405944824218,2025-06-02,call,7.0,12.0,21.36,21.52,23.09
568.0,5,0.2358474853515624,2025-06-02,call,28.0,72.0,20.4,20.56,22.64
569.0,5,0.2308426525878906,2025-06-02,call,6.0,13.0,19.45,19.61,21.31
570.0,5,0.2270585107421874,2025-06-02,call,60.0,122.0,18.51,18.68,19.43
571.0,5,0.2213212634277343,2025-06-02,call,20.0,12.0,17.58,17.73,18.57
572.0,5,0.2165605688476562,2025-06-02,call,11.0,17.0,16.65,16.8,18.9
573.0,5,0.2126543579101562,2025-06-02,call,1.0,32.0,15.75,15.89,17.54
574.0,5,0.208870216064453,2025-06-02,call,27.0,122.0,14.85,14.99,15.81
575.0,5,0.2050860742187499,2025-06-02,call,5.0,101.0,13.97,14.1,13.7
576.0,5,0.2016681396484375,2025-06-02,call,6.0,226.0,13.09,13.23,15.23
577.0,5,0.1981281359863281,2025-06-02,call,5.0,170.0,12.24,12.37,12.12
578.0,5,0.1948933050537109,2025-06-02,call,8.0,198.0,11.41,11.53,11.3
579.0,5,0.1917805432128906,2025-06-02,call,3.0,201.0,10.6,10.71,10.35
580.0,5,0.1888508850097656,2025-06-02,call,65.0,830.0,9.8,9.91,10.0
581.0,5,0.1857991577148437,2025-06-02,call,209.0,357.0,9.03,9.13,9.05
582.0,5,0.1831136376953124,2025-06-02,call,21.0,482.0,8.29,8.38,8.32
583.0,5,0.1803060485839843,2025-06-02,call,192.0,502.0,7.57,7.65,7.1
584.0,5,0.1779867358398437,2025-06-02,call,129.0,344.0,6.89,6.96,6.92
585.0,5,0.1757894921875,2025-06-02,call,1442.0,1587.0,6.23,6.3,5.95
586.0,5,0.1735312139892578,2025-06-02,call,116.0,392.0,5.61,5.67,5.25
587.0,5,0.1712119012451172,2025-06-02,call,402.0,446.0,5.02,5.07,5.09
588.0,5,0.1688315539550781,2025-06-02,call,2235.0,407.0,4.47,4.5,4.48
589.0,5,0.1669394830322266,2025-06-02,call,4619.0,931.0,3.95,3.98,3.97
590.0,5,0.1652915502929687,2025-06-02,call,5207.0,1939.0,3.47,3.5,3.48
591.0,5,0.1633994793701172,2025-06-02,call,3257.0,746.0,3.02,3.05,3.17
592.0,5,0.1620567193603515,2025-06-02,call,6993.0,3039.0,2.62,2.65,2.62
593.0,5,0.1605308557128906,2025-06-02,call,2773.0,793.0,2.25,2.28,2.28
594.0,5,0.159188095703125,2025-06-02,call,1275.0,714.0,1.92,1.95,1.95
595.0,5,0.1576011975097656,2025-06-02,call,5599.0,1284.0,1.62,1.65,1.62
596.0,5,0.1565025756835937,2025-06-02,call,1622.0,718.0,1.36,1.39,1.38
597.0,5,0.155281884765625,2025-06-02,call,2234.0,501.0,1.13,1.16,1.16
598.0,5,0.1535729174804687,2025-06-02,call,943.0,369.0,0.93,0.95,0.95
599.0,5,0.1524742956542969,2025-06-02,call,1020.0,392.0,0.76,0.78,0.79
600.0,5,0.1512536047363281,2025-06-02,call,5181.0,3161.0,0.61,0.63,0.63
601.0,5,0.15039912109375,2025-06-02,call,535.0,574.0,0.49,0.51,0.49
602.0,5,0.1489342919921875,2025-06-02,call,1438.0,1829.0,0.39,0.4,0.4
603.0,5,0.148446015625,2025-06-02,call,1433.0,3747.0,0.31,0.32,0.32
604.0,5,0.147469462890625,2025-06-02,call,890.0,1556.0,0.23,0.25,0.25
605.0,5,0.1462487719726562,2025-06-02,call,1442.0,2680.0,0.18,0.19,0.17
606.0,5,0.1445398046875,2025-06-02,call,351.0,817.0,0.13,0.14,0.15
607.0,5,0.1445398046875,2025-06-02,call,299.0,1057.0,0.1,0.11,0.11
608.0,5,0.1430749755859375,2025-06-02,call,261.0,670.0,0.07,0.08,0.08
609.0,5,0.14258669921875,2025-06-02,call,421.0,360.0,0.05,0.06,0.06
610.0,5,0.1445398046875,2025-06-02,call,1642.0,1365.0,0.04,0.05,0.04
611.0,5,0.145516357421875,2025-06-02,call,555.0,281.0,0.03,0.04,0.03
612.0,5,0.145516357421875,2025-06-02,call,535.0,119.0,0.02,0.03,0.02
613.0,5,0.143563251953125,2025-06-02,call,1415.0,380.0,0.01,0.02,0.02
614.0,5,0.148446015625,2025-06-02,call,440.0,284.0,0.01,0.02,0.03
615.0,5,0.153328779296875,2025-06-02,call,443.0,880.0,0.01,0.02,0.02
616.0,5,0.15821154296875,2025-06-02,call,15.0,277.0,0.01,0.02,0.01
617.0,5,0.163094306640625,2025-06-02,call,30.0,63.0,0.0,0.02,0.03
618.0,5,0.1562584375,2025-06-02,call,605.0,47.0,0.0,0.01,0.02
619.0,5,0.1601646484375,2025-06-02,call,56.0,208.0,0.0,0.01,0.02
620.0,5,0.164070859375,2025-06-02,call,33.0,626.0,0.0,0.01,0.02
621.0,5,0.1679770703125,2025-06-02,call,6.0,246.0,0.0,0.01,0.01
622.0,5,0.17383638671875,2025-06-02,call,100.0,112.0,0.0,0.01,0.02
623.0,5,0.179695703125,2025-06-02,call,10.0,30.0,0.0,0.01,0.01
624.0,5,0.1836019140624999,2025-06-02,call,,1.0,0.0,0.01,0.09
625.0,5,0.187508125,2025-06-02,call,65.0,426.0,0.0,0.01,0.01
630.0,5,0.2109453906249999,2025-06-02,call,3.0,246.0,0.0,0.01,0.01
635.0,5,0.2304764453125,2025-06-02,call,4.0,397.0,0.0,0.01,0.01
640.0,5,0.2500075,2025-06-02,call,132.0,175.0,0.0,0.01,0.01
645.0,5,0.273444765625,2025-06-02,call,25.0,30.0,0.0,0.01,0.01
530.0,6,0.6242713354492189,2025-06-03,call,,0.0,56.6,59.8,52.87
555.0,6,0.3042061767578125,2025-06-03,call,29.0,25.0,33.26,33.43,28.42
561.0,6,0.2663647583007812,2025-06-03,call,6.0,0.0,27.35,27.51,21.54
566.0,6,0.2387771435546875,2025-06-03,call,5.0,2.0,22.5,22.66,25.29
569.0,6,0.2253495434570312,2025-06-03,call,,0.0,19.67,19.83,24.8
571.0,6,0.2170488452148437,2025-06-03,call,15.0,12.0,17.83,17.98,19.89
572.0,6,0.2131426342773437,2025-06-03,call,14.0,7.0,16.93,17.07,18.61
574.0,6,0.2061846960449218,2025-06-03,call,17.0,45.0,15.15,15.29,17.15
575.0,6,0.2030108996582031,2025-06-03,call,27.0,102.0,14.29,14.42,14.18
576.0,6,0.2005695178222656,2025-06-03,call,4.0,53.0,13.44,13.58,15.54
577.0,6,0.1974567559814453,2025-06-03,call,1.0,80.0,12.6,12.74,15.29
578.0,6,0.1945881323242187,2025-06-03,call,1.0,95.0,11.79,11.92,12.77
579.0,6,0.1911091632080078,2025-06-03,call,1.0,89.0,10.99,11.1,14.61
580.0,6,0.1885457122802734,2025-06-03,call,97.0,317.0,10.22,10.32,10.16
581.0,6,0.185982261352539,2025-06-03,call,91.0,320.0,9.46,9.56,9.28
582.0,6,0.1833577758789062,2025-06-03,call,157.0,343.0,8.73,8.82,10.71
583.0,6,0.1809774285888671,2025-06-03,call,8.0,602.0,8.03,8.11,7.88
584.0,6,0.1784750122070312,2025-06-03,call,71.0,111.0,7.36,7.42,7.6
585.0,6,0.1764608721923828,2025-06-03,call,97.0,633.0,6.71,6.77,6.69
586.0,6,0.1742025939941406,2025-06-03,call,120.0,639.0,6.09,6.14,6.1
587.0,6,0.1719443157958984,2025-06-03,call,267.0,234.0,5.5,5.54,5.5
588.0,6,0.1700522448730469,2025-06-03,call,630.0,249.0,4.94,4.98,5.05
589.0,6,0.1680991394042969,2025-06-03,call,1460.0,273.0,4.41,4.45,4.45
590.0,6,0.1660849993896485,2025-06-03,call,2986.0,1394.0,3.91,3.95,3.91
591.0,6,0.1643149975585937,2025-06-03,call,4880.0,506.0,3.45,3.49,3.45
592.0,6,0.1624839611816406,2025-06-03,call,1904.0,730.0,3.03,3.06,3.16
593.0,6,0.1608360284423828,2025-06-03,call,1873.0,237.0,2.63,2.67,2.65
594.0,6,0.1591270611572265,2025-06-03,call,981.0,193.0,2.28,2.31,2.43
595.0,6,0.157662232055664,2025-06-03,call,3251.0,1148.0,1.96,1.99,1.96
596.0,6,0.1561974029541015,2025-06-03,call,928.0,472.0,1.67,1.7,1.74
597.0,6,0.1546715393066406,2025-06-03,call,2026.0,1680.0,1.41,1.44,1.41
598.0,6,0.1532677447509766,2025-06-03,call,661.0,492.0,1.18,1.21,1.2
599.0,6,0.1519860192871094,2025-06-03,call,440.0,326.0,0.98,1.01,1.02
600.0,6,0.1508873974609375,2025-06-03,call,3374.0,1697.0,0.81,0.84,0.85
601.0,6,0.1496667065429687,2025-06-03,call,720.0,367.0,0.67,0.69,0.67
602.0,6,0.148446015625,2025-06-03,call,295.0,375.0,0.54,0.56,0.55
603.0,6,0.1472253247070312,2025-06-03,call,309.0,422.0,0.43,0.45,0.42
604.0,6,0.1461267028808593,2025-06-03,call,152.0,381.0,0.34,0.36,0.37
605.0,6,0.1445398046875,2025-06-03,call,646.0,1265.0,0.27,0.28,0.29
606.0,6,0.143563251953125,2025-06-03,call,426.0,430.0,0.2,0.22,0.22
607.0,6,0.14258669921875,2025-06-03,call,110.0,593.0,0.15,0.17,0.17
608.0,6,0.141610146484375,2025-06-03,call,1515.0,767.0,0.11,0.13,0.13
609.0,6,0.13868048828125,2025-06-03,call,296.0,118.0,0.08,0.09,0.09
610.0,6,0.13868048828125,2025-06-03,call,1073.0,1184.0,0.06,0.07,0.06
611.0,6,0.1367273828125,2025-06-03,call,58.0,58.0,0.04,0.05,0.05
612.0,6,0.137703935546875,2025-06-03,call,59.0,113.0,0.03,0.04,0.06
613.0,6,0.137703935546875,2025-06-03,call,183.0,73.0,0.02,0.03,0.03
614.0,6,0.14258669921875,2025-06-03,call,117.0,118.0,0.02,0.03,0.02
615.0,6,0.14063359375,2025-06-03,call,442.0,1056.0,0.01,0.02,0.03
616.0,6,0.1445398046875,2025-06-03,call,77.0,254.0,0.01,0.02,0.02
617.0,6,0.148446015625,2025-06-03,call,123.0,160.0,0.01,0.02,0.02
618.0,6,0.153328779296875,2025-06-03,call,,201.0,0.01,0.02,0.03
619.0,6,0.15821154296875,2025-06-03,call,306.0,309.0,0.0,0.02,0.02
620.0,6,0.15039912109375,2025-06-03,call,10.0,328.0,0.0,0.01,0.01
623.0,6,0.164070859375,2025-06-03,call,25.0,13.0,0.0,0.01,0.02
624.0,6,0.1679770703125,2025-06-03,call,,32.0,0.0,0.01,0.02
625.0,6,0.17188328125,2025-06-03,call,1.0,179.0,0.0,0.01,0.02
630.0,6,0.1914143359375,2025-06-03,call,1.0,112.0,0.0,0.01,0.01
635.0,6,0.2109453906249999,2025-06-03,call,,28.0,0.0,0.01,0.02
535.0,7,0.5505416040039064,2025-06-04,call,,2.0,51.42,54.97,50.28
553.0,7,0.30274134765625,2025-06-04,call,1.0,22.0,35.35,35.51,37.21
563.0,7,0.2481764636230468,2025-06-04,call,51.0,2.0,25.57,25.73,27.97
564.0,7,0.2434157690429687,2025-06-04,call,8.0,2.0,24.61,24.77,19.03
565.0,7,0.2396316271972655,2025-06-04,call,6.0,2.0,23.66,23.83,26.96
568.0,7,0.2263260961914062,2025-06-04,call,20.0,12.0,20.85,21.0,22.05
569.0,7,0.2232743688964843,2025-06-04,call,62.0,0.0,19.92,20.09,20.68
570.0,7,0.2186967779541015,2025-06-04,call,2.0,20.0,19.01,19.16,23.63
572.0,7,0.2116778051757812,2025-06-04,call,34.0,6.0,17.22,17.36,17.83
573.0,7,0.2085040087890624,2025-06-04,call,,7.0,16.34,16.48,17.26
574.0,7,0.2053912469482421,2025-06-04,call,17.0,149.0,15.48,15.61,16.87
575.0,7,0.2021564160156249,2025-06-04,call,25.0,132.0,14.62,14.75,17.33
576.0,7,0.1993488269042968,2025-06-04,call,4.0,62.0,13.79,13.91,15.7
577.0,7,0.1971515832519531,2025-06-04,call,3.0,300.0,12.97,13.1,12.95
578.0,7,0.194343994140625,2025-06-04,call,20.0,227.0,12.16,12.29,14.01
579.0,7,0.1916584741210937,2025-06-04,call,8.0,238.0,11.38,11.5,13.31
580.0,7,0.1887898504638672,2025-06-04,call,150.0,427.0,10.62,10.72,10.66
581.0,7,0.1862874340820312,2025-06-04,call,63.0,252.0,9.87,9.97,11.19
582.0,7,0.1838460522460937,2025-06-04,call,119.0,173.0,9.15,9.24,8.77
583.0,7,0.18164880859375,2025-06-04,call,284.0,228.0,8.46,8.54,8.57
584.0,7,0.1793294958496093,2025-06-04,call,91.0,180.0,7.79,7.86,7.69
585.0,7,0.1772543212890625,2025-06-04,call,267.0,524.0,7.14,7.21,7.35
586.0,7,0.1749350085449219,2025-06-04,call,147.0,237.0,6.53,6.58,6.69
587.0,7,0.1731039721679687,2025-06-04,call,407.0,246.0,5.93,5.99,6.15
588.0,7,0.1709677630615234,2025-06-04,call,783.0,272.0,5.37,5.42,5.4
589.0,7,0.1686484503173828,2025-06-04,call,1461.0,336.0,4.84,4.87,4.87
590.0,7,0.1668784484863281,2025-06-04,call,3065.0,634.0,4.33,4.37,4.34
591.0,7,0.1651694812011719,2025-06-04,call,2942.0,535.0,3.86,3.9,3.86
592.0,7,0.163094306640625,2025-06-04,call,1893.0,606.0,3.42,3.45,3.45
593.0,7,0.1612632702636718,2025-06-04,call,2608.0,459.0,3.01,3.04,3.04
594.0,7,0.1597984411621093,2025-06-04,call,667.0,571.0,2.63,2.67,2.78
595.0,7,0.1579674047851562,2025-06-04,call,4044.0,1071.0,2.29,2.32,2.29
596.0,7,0.1565025756835937,2025-06-04,call,303.0,1026.0,1.97,2.01,2.0
597.0,7,0.1550377465820313,2025-06-04,call,602.0,94.0,1.69,1.73,1.66
598.0,7,0.1532677447509766,2025-06-04,call,493.0,66.0,1.44,1.47,1.43
599.0,7,0.1520470538330078,2025-06-04,call,769.0,25.0,1.22,1.25,1.23
600.0,7,0.1500329138183594,2025-06-04,call,2960.0,606.0,1.02,1.04,1.06
601.0,7,0.149422568359375,2025-06-04,call,675.0,126.0,0.85,0.88,0.89
602.0,7,0.1482018774414062,2025-06-04,call,685.0,282.0,0.7,0.73,0.71
603.0,7,0.1469811865234375,2025-06-04,call,764.0,234.0,0.57,0.6,0.58
604.0,7,0.1450280810546875,2025-06-04,call,645.0,292.0,0.46,0.48,0.47
605.0,7,0.1441735974121093,2025-06-04,call,2555.0,436.0,0.37,0.39,0.37
606.0,7,0.1428308374023437,2025-06-04,call,171.0,17.0,0.29,0.31,0.32
607.0,7,0.1411218701171875,2025-06-04,call,199.0,86.0,0.23,0.24,0.24
608.0,7,0.1401453173828125,2025-06-04,call,119.0,74.0,0.17,0.19,0.19
609.0,7,0.1379480737304687,2025-06-04,call,235.0,509.0,0.13,0.14,0.14
610.0,7,0.137703935546875,2025-06-04,call,519.0,432.0,0.1,0.11,0.11
611.0,7,0.135750830078125,2025-06-04,call,863.0,213.0,0.07,0.08,0.08
612.0,7,0.13477427734375,2025-06-04,call,83.0,58.0,0.05,0.06,0.05
613.0,7,0.135750830078125,2025-06-04,call,61.0,101.0,0.04,0.05,0.11
614.0,7,0.1367273828125,2025-06-04,call,81.0,24.0,0.03,0.04,0.04
615.0,7,0.135750830078125,2025-06-04,call,284.0,289.0,0.02,0.03,0.02
616.0,7,0.133797724609375,2025-06-04,call,18.0,128.0,0.01,0.02,0.02
617.0,7,0.137703935546875,2025-06-04,call,37.0,127.0,0.01,0.02,0.02
618.0,7,0.14258669921875,2025-06-04,call,111.0,23.0,0.01,0.02,0.04
619.0,7,0.14649291015625,2025-06-04,call,98.0,108.0,0.01,0.02,0.02
620.0,7,0.15039912109375,2025-06-04,call,123.0,384.0,0.01,0.02,0.02
623.0,7,0.15039912109375,2025-06-04,call,5.0,1.0,0.0,0.01,0.01
624.0,7,0.15430533203125,2025-06-04,call,5.0,0.0,0.0,0.01,0.01
625.0,7,0.15821154296875,2025-06-04,call,2.0,112.0,0.0,0.01,0.01
630.0,7,0.1757894921875,2025-06-04,call,13.0,11.0,0.0,0.01,0.01
635.0,7,0.195320546875,2025-06-04,call,312.0,2.0,0.0,0.01,0.01
640.0,7,0.2109453906249999,2025-06-04,call,,1.0,0.0,0.01,0.01
645.0,7,0.2304764453125,2025-06-04,call,,156.0,0.0,0.01,0.01
560.0,8,0.2616040637207031,2025-06-05,call,5.0,6.0,28.68,28.86,28.7
565.0,8,0.2390212817382812,2025-06-05,call,16.0,12.0,23.94,24.09,25.89
570.0,8,0.2214433325195312,2025-06-05,call,8.0,25.0,19.36,19.52,20.42
575.0,8,0.2053302124023437,2025-06-05,call,35.0,214.0,15.03,15.17,15.02
580.0,8,0.1912922668457031,2025-06-05,call,7.0,1385.0,11.07,11.17,12.87
585.0,8,0.1792684613037109,2025-06-05,call,403.0,693.0,7.61,7.67,7.67
590.0,8,0.1686484503173828,2025-06-05,call,2572.0,877.0,4.76,4.8,4.85
595.0,8,0.1596763720703125,2025-06-05,call,2898.0,1279.0,2.64,2.68,2.62
600.0,8,0.1521080883789062,2025-06-05,call,2820.0,1984.0,1.26,1.3,1.3
605.0,8,0.1453942883300781,2025-06-05,call,3349.0,458.0,0.51,0.53,0.52
610.0,8,0.1401453173828125,2025-06-05,call,3711.0,659.0,0.17,0.18,0.16
615.0,8,0.135750830078125,2025-06-05,call,1810.0,580.0,0.04,0.05,0.05
620.0,8,0.14063359375,2025-06-05,call,139.0,72.0,0.01,0.02,0.02
625.0,8,0.15821154296875,2025-06-05,call,54.0,56.0,0.01,0.02,0.01
630.0,8,0.164070859375,2025-06-05,call,10.0,136.0,0.0,0.01,0.02
635.0,8,0.1836019140624999,2025-06-05,call,3.0,33.0,0.0,0.01,0.01
529.0,9,0.5428512512207033,2025-06-06,call,15.0,39.0,57.94,61.21,49.25
530.0,9,0.4663139306640625,2025-06-06,call,24.0,112.0,57.73,59.19,60.64
531.0,9,0.5291795129394532,2025-06-06,call,1.0,40.0,56.28,59.22,59.83
533.0,9,0.4123593920898437,2025-06-06,call,6.0,55.0,55.59,55.77,57.49
534.0,9,0.405279384765625,2025-06-06,call,5.0,22.0,54.59,54.76,50.85
535.0,9,0.3999083447265625,2025-06-06,call,9.0,48.0,53.6,53.77,56.4
536.0,9,0.3945373046875,2025-06-06,call,2.0,25.0,52.61,52.78,55.12
537.0,9,0.3898986791992188,2025-06-06,call,2.0,32.0,51.62,51.8,45.33
537.5,9,0.3859924682617187,2025-06-06,call,30.0,36.0,51.12,51.29,21.71
538.0,9,0.3828186718749999,2025-06-06,call,1.0,63.0,50.63,50.79,53.08
539.0,9,0.3774476318359374,2025-06-06,call,1.0,26.0,49.63,49.8,41.41
540.0,9,0.3719545227050781,2025-06-06,call,4.0,98.0,48.64,48.81,50.15
541.0,9,0.3664614135742187,2025-06-06,call,3.0,52.0,47.65,47.82,49.69
542.0,9,0.3608462353515624,2025-06-06,call,1.0,36.0,46.66,46.83,45.12
543.0,9,0.355353126220703,2025-06-06,call,2.0,106.0,45.67,45.84,47.28
544.0,9,0.3497379479980468,2025-06-06,call,2.0,34.0,44.69,44.85,47.81
545.0,9,0.3448551843261719,2025-06-06,call,10.0,153.0,43.7,43.87,45.22
546.0,9,0.3392400061035155,2025-06-06,call,3.0,52.0,42.72,42.88,44.52
547.0,9,0.3342351733398437,2025-06-06,call,5.0,102.0,41.73,41.9,44.31
548.0,9,0.3284979260253906,2025-06-06,call,3.0,63.0,40.75,40.91,42.53
549.0,9,0.3233710241699218,2025-06-06,call,1.0,88.0,39.77,39.93,41.75
550.0,9,0.3182441223144531,2025-06-06,call,6.0,225.0,38.79,38.95,40.02
551.0,9,0.3129951513671875,2025-06-06,call,1.0,198.0,37.81,37.97,36.79
552.0,9,0.3090889404296875,2025-06-06,call,2.0,111.0,36.83,37.01,41.06
553.0,9,0.3031075549316406,2025-06-06,call,1.0,423.0,35.86,36.02,35.29
554.0,9,0.2983468603515624,2025-06-06,call,2.0,72.0,34.89,35.05,36.71
555.0,9,0.2934640966796874,2025-06-06,call,20.0,337.0,33.92,34.08,36.39
556.0,9,0.2896799548339843,2025-06-06,call,1.0,44.0,32.96,33.13,32.38
557.0,9,0.2839427075195311,2025-06-06,call,8.0,325.0,31.99,32.15,32.2
558.0,9,0.2794261511230468,2025-06-06,call,1.0,416.0,31.04,31.19,33.03
559.0,9,0.2752758020019531,2025-06-06,call,7.0,644.0,30.08,30.24,32.91
560.0,9,0.270942349243164,2025-06-06,call,24.0,813.0,29.13,29.29,31.4
561.0,9,0.2664868273925781,2025-06-06,call,101.0,371.0,28.19,28.34,30.24
562.0,9,0.2623975128173829,2025-06-06,call,7.0,163.0,27.25,27.4,28.21
563.0,9,0.2586744055175781,2025-06-06,call,11.0,581.0,26.32,26.47,28.69
564.0,9,0.2546461254882813,2025-06-06,call,7.0,353.0,25.39,25.54,27.97
565.0,9,0.2509840527343749,2025-06-06,call,55.0,1108.0,24.47,24.62,24.03
566.0,9,0.247077841796875,2025-06-06,call,6.0,460.0,23.56,23.7,23.0
567.0,9,0.2433547344970703,2025-06-06,call,1.0,955.0,22.65,22.79,23.74
568.0,9,0.2398757653808593,2025-06-06,call,1.0,323.0,21.75,21.89,23.25
569.0,9,0.2364578308105468,2025-06-06,call,10.0,203.0,20.86,21.0,23.27
570.0,9,0.2332840344238281,2025-06-06,call,98.0,1100.0,19.98,20.12,19.9
571.0,9,0.2297440307617187,2025-06-06,call,3.0,233.0,19.11,19.24,20.16
572.0,9,0.2266312689208984,2025-06-06,call,4.0,380.0,18.25,18.38,17.95
573.0,9,0.2239457489013671,2025-06-06,call,4.0,742.0,17.4,17.54,19.45
574.0,9,0.220161607055664,2025-06-06,call,17.0,244.0,16.56,16.68,16.2
575.0,9,0.2171098797607422,2025-06-06,call,202.0,1253.0,15.74,15.85,16.4
576.0,9,0.2143633251953124,2025-06-06,call,324.0,380.0,14.93,15.04,16.74
577.0,9,0.2114947015380859,2025-06-06,call,61.0,889.0,14.13,14.24,13.68
578.0,9,0.2085650433349609,2025-06-06,call,331.0,396.0,13.35,13.45,12.95
579.0,9,0.2058184887695312,2025-06-06,call,71.0,316.0,12.59,12.68,12.55
580.0,9,0.2032550378417968,2025-06-06,call,179.0,12571.0,11.84,11.93,11.65
581.0,9,0.2007526214599609,2025-06-06,call,75.0,752.0,11.11,11.2,11.35
582.0,9,0.1980671014404297,2025-06-06,call,78.0,602.0,10.41,10.48,9.95
583.0,9,0.195747788696289,2025-06-06,call,155.0,1371.0,9.72,9.79,10.0
584.0,9,0.1931233032226562,2025-06-06,call,54.0,1334.0,9.05,9.11,8.95
585.0,9,0.190865025024414,2025-06-06,call,386.0,12943.0,8.4,8.46,8.4
586.0,9,0.188484677734375,2025-06-06,call,907.0,1460.0,7.78,7.83,7.76
587.0,9,0.1864095031738281,2025-06-06,call,509.0,3655.0,7.17,7.23,7.22
588.0,9,0.1842122595214843,2025-06-06,call,717.0,967.0,6.6,6.65,6.64
589.0,9,0.1819234640502929,2025-06-06,call,1297.0,861.0,6.04,6.09,6.16
590.0,9,0.1798177722167968,2025-06-06,call,9582.0,3944.0,5.52,5.56,5.52
591.0,9,0.1781088049316406,2025-06-06,call,2532.0,1196.0,5.02,5.07,5.06
592.0,9,0.1751181121826172,2025-06-06,call,11803.0,1802.0,4.54,4.56,4.52
593.0,9,0.1739584558105469,2025-06-06,call,2130.0,1324.0,4.1,4.14,4.09
594.0,9,0.1720663848876953,2025-06-06,call,758.0,2092.0,3.67,3.72,3.72
595.0,9,0.1702963830566406,2025-06-06,call,5186.0,5829.0,3.29,3.33,3.28
596.0,9,0.1683432775878906,2025-06-06,call,1583.0,1378.0,2.92,2.96,2.94
597.0,9,0.1668784484863281,2025-06-06,call,354.0,1613.0,2.59,2.63,2.58
598.0,9,0.1651694812011719,2025-06-06,call,1964.0,1209.0,2.28,2.32,2.37
599.0,9,0.1637046520996094,2025-06-06,call,823.0,924.0,2.0,2.04,2.02
600.0,9,0.16211775390625,2025-06-06,call,11684.0,9363.0,1.76,1.78,1.78
601.0,9,0.1607749938964844,2025-06-06,call,958.0,679.0,1.51,1.55,1.52
602.0,9,0.1593101647949218,2025-06-06,call,530.0,890.0,1.31,1.34,1.31
603.0,9,0.1578453356933593,2025-06-06,call,203.0,321.0,1.12,1.15,1.11
604.0,9,0.1568687829589844,2025-06-06,call,182.0,729.0,0.96,0.99,0.99
605.0,9,0.1554649884033203,2025-06-06,call,3348.0,7324.0,0.82,0.84,0.82
606.0,9,0.1541832629394531,2025-06-06,call,656.0,2012.0,0.69,0.71,0.71
607.0,9,0.1532067102050781,2025-06-06,call,970.0,1105.0,0.58,0.6,0.59
608.0,9,0.1527184338378906,2025-06-06,call,133.0,,0.49,0.51,0.49
609.0,9,0.1512536047363281,2025-06-06,call,305.0,,0.41,0.42,0.39
610.0,9,0.1505211901855469,2025-06-06,call,7383.0,14941.0,0.34,0.35,0.35
611.0,9,0.1496667065429687,2025-06-06,call,622.0,,0.28,0.29,0.27
612.0,9,0.1491784301757812,2025-06-06,call,815.0,,0.22,0.24,0.23
613.0,9,0.147469462890625,2025-06-06,call,166.0,,0.18,0.19,0.19
614.0,9,0.1477136010742187,2025-06-06,call,61.0,,0.15,0.16,0.12
615.0,9,0.1469811865234375,2025-06-06,call,1736.0,6004.0,0.12,0.13,0.13
616.0,9,0.147469462890625,2025-06-06,call,140.0,,0.09,0.11,0.1
617.0,9,0.147469462890625,2025-06-06,call,18.0,,0.08,0.09,0.13
618.0,9,0.1460046337890624,2025-06-06,call,88.0,,0.06,0.07,0.07
619.0,9,0.1469811865234375,2025-06-06,call,83.0,,0.05,0.06,0.1
620.0,9,0.147469462890625,2025-06-06,call,583.0,2963.0,0.04,0.05,0.04
622.0,9,0.1508873974609375,2025-06-06,call,14.0,,0.03,0.04,0.06
623.0,9,0.149422568359375,2025-06-06,call,5.0,,0.02,0.03,0.05
625.0,9,0.15039912109375,2025-06-06,call,167.0,1974.0,0.01,0.02,0.02
630.0,9,0.167000517578125,2025-06-06,call,556.0,3873.0,0.01,0.02,0.02
635.0,9,0.1836019140624999,2025-06-06,call,24.0,1279.0,0.01,0.02,0.02
640.0,9,0.187508125,2025-06-06,call,5.0,1615.0,0.0,0.01,0.02
645.0,9,0.2031329687499999,2025-06-06,call,16.0,691.0,0.0,0.01,0.01
560.0,12,0.2483595672607422,2025-06-09,call,,1.0,29.43,29.6,31.9
570.0,12,0.2149126361083984,2025-06-09,call,7.0,1.0,20.38,20.51,20.67
575.0,12,0.2007221041870117,2025-06-09,call,4.0,47.0,16.17,16.29,16.34
576.0,12,0.1980060668945312,2025-06-09,call,2.0,,15.37,15.48,15.36
578.0,12,0.1926960614013672,2025-06-09,call,2.0,,13.8,13.9,14.6
580.0,12,0.1878132977294921,2025-06-09,call,23.0,3.0,12.3,12.39,13.81
582.0,12,0.1829305340576171,2025-06-09,call,2.0,,10.86,10.94,11.15
583.0,12,0.1804891522216797,2025-06-09,call,1.0,,10.17,10.24,12.03
584.0,12,0.1783529431152344,2025-06-09,call,3.0,,9.5,9.57,10.91
585.0,12,0.1760031130981445,2025-06-09,call,49.0,49.0,8.85,8.91,10.49
586.0,12,0.1738974212646484,2025-06-09,call,19.0,,8.22,8.28,9.05
587.0,12,0.1717612121582031,2025-06-09,call,91.0,,7.61,7.67,7.7
588.0,12,0.1698691412353515,2025-06-09,call,485.0,,7.03,7.09,7.21
589.0,12,0.1676718975830078,2025-06-09,call,391.0,,6.47,6.52,6.3
590.0,12,0.1659018957519531,2025-06-09,call,651.0,201.0,5.93,5.99,5.99
591.0,12,0.163796203918457,2025-06-09,call,160.0,,5.42,5.47,5.19
592.0,12,0.1620872366333007,2025-06-09,call,818.0,,4.94,4.99,4.7
593.0,12,0.1602867175292968,2025-06-09,call,210.0,,4.48,4.53,4.48
594.0,12,0.1583336120605468,2025-06-09,call,318.0,,4.05,4.09,4.22
595.0,12,0.1568077484130859,2025-06-09,call,217.0,189.0,3.64,3.69,3.69
596.0,12,0.1551292984008789,2025-06-09,call,75.0,,3.26,3.31,3.2
597.0,12,0.153328779296875,2025-06-09,call,28.0,,2.91,2.95,3.01
598.0,12,0.1519860192871094,2025-06-09,call,44.0,,2.59,2.63,2.5
599.0,12,0.1505211901855469,2025-06-09,call,334.0,,2.29,2.33,2.23
600.0,12,0.1492394647216797,2025-06-09,call,402.0,180.0,2.02,2.06,2.05
601.0,12,0.1479577392578125,2025-06-09,call,54.0,,1.77,1.81,1.82
602.0,12,0.1465539447021484,2025-06-09,call,82.0,,1.55,1.58,1.51
603.0,12,0.1451501501464843,2025-06-09,call,54.0,,1.34,1.37,1.4
604.0,12,0.1441125628662109,2025-06-09,call,50.0,,1.16,1.19,1.55
605.0,12,0.1431970446777344,2025-06-09,call,126.0,44.0,1.0,1.03,0.97
606.0,12,0.1419153192138671,2025-06-09,call,24.0,,0.86,0.88,0.89
607.0,12,0.1408166973876953,2025-06-09,call,1029.0,,0.73,0.75,0.7
608.0,12,0.1400232482910156,2025-06-09,call,23.0,,0.62,0.64,0.58
609.0,12,0.1389246264648437,2025-06-09,call,29.0,,0.52,0.54,0.78
610.0,12,0.1384363500976562,2025-06-09,call,268.0,101.0,0.44,0.46,0.44
611.0,12,0.1372156591796875,2025-06-09,call,604.0,,0.37,0.38,0.49
612.0,12,0.1367273828125,2025-06-09,call,155.0,,0.3,0.32,0.29
613.0,12,0.1353846228027344,2025-06-09,call,279.0,,0.25,0.26,0.27
614.0,12,0.1352625537109375,2025-06-09,call,34.0,,0.2,0.22,0.36
615.0,12,0.1345301391601562,2025-06-09,call,133.0,334.0,0.17,0.18,0.25
616.0,12,0.1342860009765625,2025-06-09,call,55.0,,0.14,0.15,0.19
617.0,12,0.1333094482421875,2025-06-09,call,6.0,,0.11,0.12,0.2
618.0,12,0.1333094482421875,2025-06-09,call,2.0,,0.09,0.1,0.19
619.0,12,0.1323328955078125,2025-06-09,call,1.0,,0.07,0.08,0.14
620.0,12,0.133797724609375,2025-06-09,call,68.0,136.0,0.06,0.07,0.09
621.0,12,0.1342860009765625,2025-06-09,call,11.0,,0.05,0.06,0.09
630.0,12,0.1445398046875,2025-06-09,call,,35.0,0.01,0.02,0.03
530.0,13,0.4629570306396484,2025-06-10,call,,1.0,56.96,60.56,59.83
555.0,13,0.2667309655761719,2025-06-10,call,,0.0,34.4,34.56,35.72
560.0,13,0.2486647399902344,2025-06-10,call,,14.0,29.7,29.85,30.82
562.0,13,0.2419509399414062,2025-06-10,call,1.0,,27.85,28.0,28.77
570.0,13,0.2166826379394531,2025-06-10,call,11.0,2.0,20.71,20.84,20.31
571.0,13,0.2136919451904297,2025-06-10,call,1.0,,19.85,19.98,21.35
575.0,13,0.2023395196533202,2025-06-10,call,2.0,20.0,16.53,16.64,18.41
577.0,13,0.1969074450683593,2025-06-10,call,5.0,,14.94,15.04,16.69
578.0,13,0.1942829595947265,2025-06-10,call,2.0,,14.16,14.26,17.57
580.0,13,0.1892476095581055,2025-06-10,call,18.0,52.0,12.66,12.75,12.6
583.0,13,0.1818319122314453,2025-06-10,call,8.0,,10.53,10.6,11.89
584.0,13,0.1796651858520507,2025-06-10,call,18.0,,9.86,9.93,9.82
585.0,13,0.1773153558349609,2025-06-10,call,27.0,83.0,9.21,9.27,8.95
586.0,13,0.1750265603637695,2025-06-10,call,34.0,,8.57,8.63,8.43
587.0,13,0.1729819030761719,2025-06-10,call,46.0,,7.96,8.02,8.64
588.0,13,0.170906728515625,2025-06-10,call,49.0,,7.37,7.43,7.58
589.0,13,0.1688010366821289,2025-06-10,call,46.0,,6.81,6.86,6.59
590.0,13,0.1668784484863281,2025-06-10,call,916.0,238.0,6.26,6.32,6.43
591.0,13,0.1649253430175781,2025-06-10,call,465.0,,5.74,5.8,5.75
592.0,13,0.1629112030029297,2025-06-10,call,235.0,,5.25,5.3,5.18
593.0,13,0.1612632702636718,2025-06-10,call,233.0,,4.78,4.84,4.43
594.0,13,0.1593101647949218,2025-06-10,call,366.0,,4.34,4.39,4.25
595.0,13,0.1575401629638672,2025-06-10,call,215.0,207.0,3.93,3.97,4.04
596.0,13,0.1558617129516601,2025-06-10,call,33.0,,3.54,3.58,4.19
597.0,13,0.1543663665771484,2025-06-10,call,4.0,,3.17,3.22,3.75
598.0,13,0.152779468383789,2025-06-10,call,27.0,,2.84,2.88,3.26
599.0,13,0.151375673828125,2025-06-10,call,19.0,,2.53,2.57,2.8
600.0,13,0.1499108447265625,2025-06-10,call,370.0,307.0,2.24,2.28,2.25
601.0,13,0.1486901538085937,2025-06-10,call,90.0,,1.98,2.02,1.94
602.0,13,0.1474084283447265,2025-06-10,call,9.0,,1.74,1.78,2.24
603.0,13,0.1461267028808593,2025-06-10,call,15.0,,1.53,1.56,1.41
604.0,13,0.1448449774169922,2025-06-10,call,22.0,,1.33,1.36,1.52
605.0,13,0.143990493774414,2025-06-10,call,450.0,262.0,1.16,1.19,1.2
606.0,13,0.1428918719482422,2025-06-10,call,98.0,,1.0,1.03,1.04
607.0,13,0.1419763537597656,2025-06-10,call,1.0,,0.86,0.89,1.18
608.0,13,0.1407556628417968,2025-06-10,call,4.0,,0.74,0.76,1.07
609.0,13,0.1398401446533203,2025-06-10,call,195.0,,0.63,0.65,0.8
610.0,13,0.1394129028320312,2025-06-10,call,119.0,248.0,0.54,0.56,0.55
611.0,13,0.1381922119140625,2025-06-10,call,1.0,,0.45,0.47,0.46
612.0,13,0.137703935546875,2025-06-10,call,8.0,,0.38,0.4,0.38
613.0,13,0.1363611755371093,2025-06-10,call,60.0,,0.32,0.33,0.63
614.0,13,0.1359949682617187,2025-06-10,call,3.0,,0.26,0.28,0.36
615.0,13,0.1350184155273437,2025-06-10,call,100.0,124.0,0.22,0.23,0.26
617.0,13,0.1340418627929687,2025-06-10,call,3.0,,0.15,0.16,0.24
618.0,13,0.1333094482421875,2025-06-10,call,1.0,,0.12,0.13,0.18
619.0,13,0.1333094482421875,2025-06-10,call,1.0,,0.1,0.11,0.23
620.0,13,0.132821171875,2025-06-10,call,115.0,140.0,0.08,0.09,0.15
621.0,13,0.1342860009765625,2025-06-10,call,2.0,,0.07,0.08,0.13
622.0,13,0.13477427734375,2025-06-10,call,13.0,,0.05,0.07,0.12
623.0,13,0.1352625537109375,2025-06-10,call,1.0,,0.05,0.06,0.1
624.0,13,0.135750830078125,2025-06-10,call,183.0,,0.04,0.05,0.08
625.0,13,0.13477427734375,2025-06-10,call,15.0,17.0,0.03,0.04,0.04
630.0,13,0.145516357421875,2025-06-10,call,29.0,29.0,0.02,0.03,0.03
635.0,13,0.1523522265625,2025-06-10,call,11.0,2.0,0.01,0.02,0.02
645.0,13,0.179695703125,2025-06-10,call,,10.0,0.0,0.02,0.02
550.0,14,0.3449162188720703,2025-06-11,call,1.0,,37.62,41.04,42.36
565.0,14,0.2359085198974609,2025-06-11,call,2.0,,25.5,25.64,27.76
570.0,14,0.2208940216064452,2025-06-11,call,8.0,,21.13,21.26,22.0
575.0,14,0.2067950415039062,2025-06-11,call,4.0,,16.99,17.1,16.55
580.0,14,0.1938252005004883,2025-06-11,call,67.0,,13.15,13.24,13.31
585.0,14,0.1818929467773437,2025-06-11,call,20.0,,9.71,9.77,10.64
590.0,14,0.1710898321533203,2025-06-11,call,967.0,,6.74,6.79,6.97
595.0,14,0.1618736157226562,2025-06-11,call,771.0,,4.35,4.4,4.3
600.0,14,0.1541222283935547,2025-06-11,call,426.0,,2.59,2.63,2.6
605.0,14,0.1482629119873047,2025-06-11,call,6040.0,,1.41,1.45,1.42
610.0,14,0.1430749755859375,2025-06-11,call,519.0,,0.7,0.72,0.64
615.0,14,0.1394129028320312,2025-06-11,call,372.0,,0.31,0.33,0.29
620.0,14,0.1369715209960937,2025-06-11,call,129.0,,0.12,0.14,0.14
625.0,14,0.1367273828125,2025-06-11,call,24.0,,0.05,0.06,0.09
630.0,14,0.139657041015625,2025-06-11,call,13.0,,0.02,0.03,0.05
635.0,14,0.147469462890625,2025-06-11,call,5.0,,0.01,0.02,0.01
645.0,14,0.17383638671875,2025-06-11,call,2.0,,0.0,0.02,0.02
530.0,16,0.3700624517822265,2025-06-13,call,17.0,103.0,59.4,59.56,59.92
531.0,16,0.3659731372070312,2025-06-13,call,1.0,45.0,58.41,58.58,60.71
533.0,16,0.3577945080566406,2025-06-13,call,10.0,47.0,56.45,56.62,60.21
534.0,16,0.3536441589355468,2025-06-13,call,1.0,21.0,55.48,55.64,57.34
537.0,16,0.3414372497558594,2025-06-13,call,1.0,28.0,52.54,52.71,54.35
539.0,16,0.3333806896972656,2025-06-13,call,7.0,31.0,50.6,50.76,52.25
540.0,16,0.3294744787597655,2025-06-13,call,7.0,123.0,49.63,49.79,52.0
541.0,16,0.3255682678222655,2025-06-13,call,1.0,22.0,48.66,48.82,51.12
542.0,16,0.3216010223388671,2025-06-13,call,1.0,29.0,47.69,47.85,50.2
543.0,16,0.3179999841308593,2025-06-13,call,3.0,42.0,46.73,46.89,46.52
544.0,16,0.3148261877441405,2025-06-13,call,10.0,8.0,45.76,45.94,48.86
545.0,16,0.3102485968017577,2025-06-13,call,18.0,87.0,44.8,44.96,45.35
547.0,16,0.3035347967529296,2025-06-13,call,5.0,9.0,42.89,43.06,44.34
548.0,16,0.299262378540039,2025-06-13,call,6.0,20.0,41.93,42.09,43.93
550.0,16,0.2921213366699218,2025-06-13,call,4.0,88.0,40.03,40.19,41.22
551.0,16,0.2884592639160155,2025-06-13,call,1.0,31.0,39.09,39.24,41.46
552.0,16,0.285041329345703,2025-06-13,call,10.0,39.0,38.14,38.3,40.72
553.0,16,0.2816233947753905,2025-06-13,call,1.0,53.0,37.2,37.36,37.77
554.0,16,0.2780833911132812,2025-06-13,call,178.0,187.0,36.27,36.42,37.05
555.0,16,0.2751537329101562,2025-06-13,call,1.0,181.0,35.34,35.5,37.61
556.0,16,0.2717357983398437,2025-06-13,call,12.0,49.0,34.41,34.57,34.94
557.0,16,0.2679516564941406,2025-06-13,call,9.0,84.0,33.48,33.63,28.94
558.0,16,0.2647168255615234,2025-06-13,call,12.0,107.0,32.56,32.71,33.59
559.0,16,0.2613599255371094,2025-06-13,call,2.0,137.0,31.65,31.79,32.38
560.0,16,0.2581861291503906,2025-06-13,call,26.0,359.0,30.74,30.88,32.64
561.0,16,0.2549512982177735,2025-06-13,call,7.0,288.0,29.83,29.97,31.4
562.0,16,0.2518385363769531,2025-06-13,call,100.0,102.0,28.93,29.07,30.84
563.0,16,0.2486342227172852,2025-06-13,call,5.0,903.0,28.03,28.17,22.78
564.0,16,0.245551978149414,2025-06-13,call,1.0,131.0,27.14,27.28,29.49
565.0,16,0.2423781817626953,2025-06-13,call,12.0,694.0,26.26,26.39,26.15
566.0,16,0.2393264544677734,2025-06-13,call,1.0,79.0,25.38,25.51,27.21
567.0,16,0.2366409344482422,2025-06-13,call,1.0,106.0,24.51,24.65,25.0
568.0,16,0.2332840344238281,2025-06-13,call,3.0,311.0,23.64,23.77,25.08
569.0,16,0.2302933416748047,2025-06-13,call,4.0,321.0,22.79,22.91,24.55
570.0,16,0.2274247180175781,2025-06-13,call,35.0,557.0,21.94,22.06,21.83
571.0,16,0.2245560943603515,2025-06-13,call,22.0,331.0,21.1,21.22,22.98
572.0,16,0.2220536779785155,2025-06-13,call,10.0,350.0,20.27,20.4,21.15
573.0,16,0.2188188470458984,2025-06-13,call,6.0,346.0,19.45,19.56,21.68
574.0,16,0.2163469479370117,2025-06-13,call,2.0,73.0,18.64,18.76,20.29
575.0,16,0.2132036688232422,2025-06-13,call,25.0,474.0,17.83,17.94,18.53
576.0,16,0.2103350451660156,2025-06-13,call,3.0,122.0,17.04,17.14,17.06
577.0,16,0.2076495251464843,2025-06-13,call,30.0,166.0,16.26,16.36,15.8
578.0,16,0.2049640051269531,2025-06-13,call,3.0,276.0,15.49,15.59,17.2
579.0,16,0.2022479678344726,2025-06-13,call,8.0,783.0,14.74,14.83,14.73
580.0,16,0.1995014132690429,2025-06-13,call,47.0,7113.0,14.0,14.08,14.09
581.0,16,0.1969074450683593,2025-06-13,call,5.0,613.0,13.27,13.35,15.09
582.0,16,0.1944660632324218,2025-06-13,call,7.0,478.0,12.56,12.64,14.06
583.0,16,0.1919636468505859,2025-06-13,call,9.0,685.0,11.86,11.94,12.44
584.0,16,0.1893391613769531,2025-06-13,call,23.0,1148.0,11.19,11.25,10.74
585.0,16,0.1870198486328125,2025-06-13,call,417.0,3254.0,10.52,10.59,10.7
586.0,16,0.1845784667968749,2025-06-13,call,42.0,693.0,9.88,9.94,10.56
587.0,16,0.1821981195068359,2025-06-13,call,83.0,888.0,9.25,9.31,9.32
588.0,16,0.180122944946289,2025-06-13,call,129.0,746.0,8.65,8.71,8.64
589.0,16,0.1778341494750976,2025-06-13,call,487.0,845.0,8.06,8.12,7.96
590.0,16,0.1756063885498047,2025-06-13,call,1166.0,2513.0,7.5,7.55,7.49
591.0,16,0.1735922485351562,2025-06-13,call,183.0,919.0,6.96,7.01,7.13
592.0,16,0.1715781085205078,2025-06-13,call,754.0,785.0,6.44,6.49,6.5
593.0,16,0.1695639685058594,2025-06-13,call,2472.0,997.0,5.94,5.99,5.92
594.0,16,0.1677634494018555,2025-06-13,call,148.0,604.0,5.47,5.52,5.46
595.0,16,0.1659629302978515,2025-06-13,call,1074.0,1882.0,5.02,5.07,5.1
596.0,16,0.1643149975585937,2025-06-13,call,296.0,491.0,4.6,4.65,4.61
597.0,16,0.1624839611816406,2025-06-13,call,929.0,656.0,4.2,4.24,4.2
598.0,16,0.1610496493530273,2025-06-13,call,187.0,828.0,3.82,3.87,3.81
599.0,16,0.1593711993408203,2025-06-13,call,29.0,592.0,3.47,3.51,3.41
600.0,16,0.1579063702392578,2025-06-13,call,1557.0,4867.0,3.14,3.18,3.16
601.0,16,0.1564415411376953,2025-06-13,call,171.0,1174.0,2.83,2.87,2.62
602.0,16,0.155281884765625,2025-06-13,call,30.0,229.0,2.55,2.59,3.0
603.0,16,0.1538170556640625,2025-06-13,call,236.0,197.0,2.29,2.32,2.25
604.0,16,0.1527184338378906,2025-06-13,call,44.0,280.0,2.05,2.08,1.89
605.0,16,0.1516808465576172,2025-06-13,call,1346.0,5474.0,1.83,1.86,1.86
610.0,16,0.1467370483398437,2025-06-13,call,1332.0,2838.0,0.98,1.01,0.99
615.0,16,0.1429529064941406,2025-06-13,call,813.0,5990.0,0.49,0.51,0.5
620.0,16,0.1401453173828125,2025-06-13,call,988.0,6591.0,0.22,0.24,0.22
625.0,16,0.1389246264648437,2025-06-13,call,393.0,5565.0,0.1,0.11,0.11
630.0,16,0.13868048828125,2025-06-13,call,1131.0,8337.0,0.04,0.05,0.05
635.0,16,0.143563251953125,2025-06-13,call,158.0,1045.0,0.02,0.03,0.03
640.0,16,0.157234990234375,2025-06-13,call,122.0,1721.0,0.01,0.03,0.02
645.0,16,0.16211775390625,2025-06-13,call,66.0,978.0,0.01,0.02,0.02
528.0,23,0.3938659246826171,2025-06-20,call,1.0,37.0,60.11,63.63,63.96
529.0,23,0.389654541015625,2025-06-20,call,1.0,67.0,59.14,62.65,59.47
530.0,23,0.3497989825439452,2025-06-20,call,19.0,10393.0,59.45,60.61,61.06
531.0,23,0.3934997174072265,2025-06-20,call,4.0,52.0,57.24,61.09,59.9
532.0,23,0.3440617352294921,2025-06-20,call,3.0,234.0,57.51,58.71,61.77
533.0,23,0.3411931115722656,2025-06-20,call,5.0,275.0,56.43,57.76,58.88
534.0,23,0.370123486328125,2025-06-20,call,5.0,74.0,54.3,57.81,59.81
535.0,23,0.3331975860595704,2025-06-20,call,6.0,8023.0,54.61,55.8,54.6
536.0,23,0.330512066040039,2025-06-20,call,3.0,141.0,53.65,54.86,62.47
537.0,23,0.3261175787353515,2025-06-20,call,2.0,142.0,52.68,53.87,53.96
538.0,23,0.3239813696289061,2025-06-20,call,1.0,101.0,51.73,52.95,51.0
539.0,23,0.3205024005126953,2025-06-20,call,1.0,170.0,50.64,51.99,54.08
540.0,23,0.3081123876953124,2025-06-20,call,15.0,14108.0,50.04,50.75,50.34
541.0,23,0.3515079498291015,2025-06-20,call,11.0,88.0,47.61,51.38,52.04
542.0,23,0.3355779333496094,2025-06-20,call,1.0,96.0,46.65,49.99,51.3
543.0,23,0.3194648132324218,2025-06-20,call,1.0,48.0,45.7,48.6,39.32
544.0,23,0.3026192785644531,2025-06-20,call,1.0,205.0,46.01,47.19,41.37
545.0,23,0.2905954730224609,2025-06-20,call,18.0,10094.0,45.37,45.95,45.58
546.0,23,0.2946237530517578,2025-06-20,call,4.0,240.0,44.12,45.25,44.31
547.0,23,0.2987741021728515,2025-06-20,call,18.0,133.0,43.03,44.57,37.08
548.0,23,0.290473403930664,2025-06-20,call,41.0,165.0,42.24,43.45,49.5
549.0,23,0.3217536087036132,2025-06-20,call,2.0,54.0,40.03,43.83,42.18
550.0,23,0.3056099713134765,2025-06-20,call,50.0,26697.0,40.57,42.4,41.85
551.0,23,0.3021310021972656,2025-06-20,call,1.0,86.0,38.22,41.47,35.51
552.0,23,0.3070137658691406,2025-06-20,call,2.0,146.0,37.46,40.88,39.3
553.0,23,0.3064644549560547,2025-06-20,call,6.0,177.0,36.45,40.08,39.04
554.0,23,0.2984384121704101,2025-06-20,call,1.0,88.0,35.55,38.97,38.87
555.0,23,0.2934946139526366,2025-06-20,call,572.0,22566.0,34.69,37.99,37.77
556.0,23,0.294806856689453,2025-06-20,call,10.0,204.0,33.87,37.28,36.14
557.0,23,0.2825999475097656,2025-06-20,call,1.0,259.0,33.22,35.99,34.11
558.0,23,0.2791820129394531,2025-06-20,call,3.0,188.0,32.31,35.08,35.21
559.0,23,0.2793040820312499,2025-06-20,call,12.0,186.0,31.11,34.33,34.27
560.0,23,0.2743602838134765,2025-06-20,call,53.0,67963.0,30.27,33.36,31.99
561.0,23,0.2473219799804687,2025-06-20,call,1.0,782.0,29.61,31.41,34.17
562.0,23,0.2667920001220704,2025-06-20,call,7.0,1398.0,28.66,31.53,32.66
563.0,23,0.2666394137573242,2025-06-20,call,5.0,847.0,27.79,30.79,31.8
564.0,23,0.2606275109863281,2025-06-20,call,2.0,731.0,26.81,29.78,30.03
565.0,23,0.2303848934936523,2025-06-20,call,82.0,15112.0,27.23,27.64,27.51
566.0,23,0.2553175054931641,2025-06-20,call,3.0,443.0,25.16,28.09,28.39
567.0,23,0.2296829962158203,2025-06-20,call,3.0,711.0,25.31,26.14,25.47
568.0,23,0.2246781634521484,2025-06-20,call,9.0,1429.0,24.6,25.18,24.6
569.0,23,0.2237321279907226,2025-06-20,call,5.0,1233.0,23.76,24.42,26.46
570.0,23,0.2211686770629882,2025-06-20,call,155.0,44385.0,22.92,23.59,22.7
571.0,23,0.2183000534057617,2025-06-20,call,5.0,1435.0,22.08,22.75,23.9
572.0,23,0.2156755679321289,2025-06-20,call,66.0,854.0,21.14,21.93,22.97
573.0,23,0.211372632446289,2025-06-20,call,5.0,1240.0,20.45,21.03,22.19
574.0,23,0.2102129760742187,2025-06-20,call,6.0,1064.0,19.53,20.3,21.08
575.0,23,0.2054522814941406,2025-06-20,call,159.0,24694.0,18.8,19.39,19.05
576.0,23,0.2043231423950194,2025-06-20,call,23.0,1382.0,17.99,18.68,19.08
577.0,23,0.2044452114868163,2025-06-20,call,24.0,1630.0,17.22,18.05,17.52
578.0,23,0.1998371032714843,2025-06-20,call,9.0,1401.0,16.52,17.17,17.01
579.0,23,0.1966938241577148,2025-06-20,call,11.0,1288.0,15.75,16.38,17.63
580.0,23,0.1885762295532226,2025-06-20,call,202.0,141439.0,15.23,15.32,15.44
581.0,23,0.1863484686279297,2025-06-20,call,282.0,2862.0,14.51,14.6,14.49
582.0,23,0.1839070867919922,2025-06-20,call,103.0,2598.0,13.8,13.88,14.52
583.0,23,0.181801394958496,2025-06-20,call,97.0,1971.0,13.11,13.19,13.16
584.0,23,0.1794515649414062,2025-06-20,call,32.0,2006.0,12.43,12.5,12.39
585.0,23,0.1774069076538085,2025-06-20,call,700.0,26350.0,11.76,11.84,11.75
586.0,23,0.1750875949096679,2025-06-20,call,55.0,2166.0,11.11,11.18,11.86
587.0,23,0.1730734548950195,2025-06-20,call,348.0,3255.0,10.48,10.55,10.5
588.0,23,0.1711203494262695,2025-06-20,call,926.0,3452.0,9.88,9.94,9.89
589.0,23,0.1690451748657226,2025-06-20,call,720.0,2437.0,9.28,9.34,8.9
590.0,23,0.1672446557617187,2025-06-20,call,4549.0,37650.0,8.7,8.77,8.78
591.0,23,0.165322067565918,2025-06-20,call,899.0,4913.0,8.14,8.21,8.16
592.0,23,0.1634299966430664,2025-06-20,call,1387.0,4592.0,7.61,7.67,7.71
593.0,23,0.1617515466308593,2025-06-20,call,626.0,2274.0,7.1,7.16,7.13
594.0,23,0.1601341311645507,2025-06-20,call,259.0,5165.0,6.6,6.67,6.67
595.0,23,0.1583946466064453,2025-06-20,call,3467.0,58699.0,6.13,6.19,6.17
596.0,23,0.1568077484130859,2025-06-20,call,365.0,4572.0,5.68,5.74,5.73
597.0,23,0.155281884765625,2025-06-20,call,313.0,4278.0,5.26,5.31,5.35
598.0,23,0.1537865383911132,2025-06-20,call,593.0,3494.0,4.85,4.9,4.96
599.0,23,0.1524742956542969,2025-06-20,call,479.0,4790.0,4.46,4.52,4.57
600.0,23,0.1510399838256836,2025-06-20,call,7011.0,106006.0,4.1,4.15,4.1
601.0,23,0.1498192929077148,2025-06-20,call,346.0,693.0,3.76,3.81,3.82
602.0,23,0.1486291192626953,2025-06-20,call,378.0,968.0,3.45,3.49,3.5
603.0,23,0.1475304974365234,2025-06-20,call,358.0,975.0,3.15,3.19,3.18
604.0,23,0.1464623928833007,2025-06-20,call,313.0,1343.0,2.87,2.91,3.06
605.0,23,0.1454553228759765,2025-06-20,call,5041.0,59983.0,2.61,2.65,2.62
606.0,23,0.1445703219604492,2025-06-20,call,405.0,1455.0,2.37,2.41,2.32
607.0,23,0.1435327346801758,2025-06-20,call,580.0,1414.0,2.15,2.18,2.16
610.0,23,0.1412439392089844,2025-06-20,call,8268.0,47845.0,1.59,1.61,1.6
615.0,23,0.1375818664550781,2025-06-20,call,3885.0,25964.0,0.89,0.92,0.91
620.0,23,0.1348963464355469,2025-06-20,call,1511.0,27815.0,0.48,0.5,0.49
625.0,23,0.133797724609375,2025-06-20,call,631.0,26258.0,0.25,0.27,0.27
630.0,23,0.1345301391601562,2025-06-20,call,565.0,35361.0,0.13,0.15,0.13
635.0,23,0.1372156591796875,2025-06-20,call,133.0,19717.0,0.07,0.09,0.08
640.0,23,0.141610146484375,2025-06-20,call,109.0,30658.0,0.05,0.06,0.05
645.0,23,0.145516357421875,2025-06-20,call,129.0,16578.0,0.03,0.04,0.04
535.0,30,0.3291082714843749,2025-06-27,call,3.0,20.0,53.78,57.17,57.54
540.0,30,0.2903513348388671,2025-06-27,call,1.0,133.0,50.32,51.51,52.79
545.0,30,0.299689620361328,2025-06-27,call,8.0,115.0,44.9,47.81,46.0
550.0,30,0.2820506365966796,2025-06-27,call,9.0,75.0,39.94,43.06,43.32
555.0,30,0.2694164855957031,2025-06-27,call,11.0,88.0,35.52,38.6,38.75
559.0,30,0.2577588873291015,2025-06-27,call,5.0,7.0,32.17,35.01,39.6
560.0,30,0.2563550927734375,2025-06-27,call,14.0,36.0,31.27,34.2,32.76
564.0,30,0.237739556274414,2025-06-27,call,1.0,31.0,27.95,30.3,32.0
565.0,30,0.2400893862915039,2025-06-27,call,1.0,130.0,27.03,29.72,28.6
566.0,30,0.237464900817871,2025-06-27,call,1.0,59.0,26.19,28.87,29.84
567.0,30,0.2347183462524414,2025-06-27,call,1.0,54.0,25.36,28.02,25.81
568.0,30,0.2315750671386718,2025-06-27,call,1.0,30.0,24.55,27.15,25.65
569.0,30,0.2271195452880859,2025-06-27,call,5.0,39.0,23.87,26.21,25.08
570.0,30,0.2251664398193359,2025-06-27,call,41.0,310.0,22.97,25.42,24.59
571.0,30,0.2226029888916015,2025-06-27,call,4.0,111.0,22.17,24.6,25.1
572.0,30,0.2195817788696288,2025-06-27,call,3.0,370.0,21.39,23.76,23.0
573.0,30,0.2008136560058593,2025-06-27,call,4.0,572.0,21.43,21.97,23.52
574.0,30,0.2160417752075195,2025-06-27,call,3.0,418.0,20.13,22.25,22.24
575.0,30,0.2158891888427734,2025-06-27,call,11.0,417.0,19.11,21.61,21.25
576.0,30,0.1944050286865234,2025-06-27,call,14.0,271.0,19.04,19.64,19.35
577.0,30,0.2108843560791015,2025-06-27,call,22.0,346.0,17.71,20.06,18.32
578.0,30,0.190437783203125,2025-06-27,call,31.0,540.0,17.57,18.15,19.56
579.0,30,0.1839376040649414,2025-06-27,call,95.0,602.0,17.03,17.13,16.8
580.0,30,0.1818624295043945,2025-06-27,call,139.0,1016.0,16.31,16.4,16.08
581.0,30,0.1797567376708984,2025-06-27,call,213.0,963.0,15.59,15.68,15.37
582.0,30,0.1778036322021484,2025-06-27,call,11.0,249.0,14.89,14.98,16.04
583.0,30,0.1756979403686523,2025-06-27,call,8.0,395.0,14.21,14.28,15.21
584.0,30,0.17383638671875,2025-06-27,call,9.0,540.0,13.53,13.61,14.79
585.0,30,0.1719443157958984,2025-06-27,call,202.0,630.0,12.87,12.95,12.7
586.0,30,0.1700217276000977,2025-06-27,call,9.0,243.0,12.22,12.3,12.16
587.0,30,0.1682212084960938,2025-06-27,call,52.0,679.0,11.59,11.67,11.6
588.0,30,0.1663291375732422,2025-06-27,call,109.0,431.0,10.98,11.05,10.64
589.0,30,0.1646812048339843,2025-06-27,call,183.0,438.0,10.38,10.46,10.0
590.0,30,0.1629722375488281,2025-06-27,call,1208.0,1036.0,9.81,9.88,9.8
591.0,30,0.1612022357177734,2025-06-27,call,1184.0,288.0,9.24,9.31,9.26
592.0,30,0.1596458547973632,2025-06-27,call,742.0,217.0,8.7,8.77,8.68
593.0,30,0.1579979220581054,2025-06-27,call,434.0,531.0,8.18,8.24,8.28
594.0,30,0.1565636102294922,2025-06-27,call,17.0,226.0,7.67,7.74,7.61
595.0,30,0.1550377465820313,2025-06-27,call,187.0,711.0,7.19,7.25,7.11
596.0,30,0.1535729174804687,2025-06-27,call,28.0,198.0,6.72,6.78,7.4
597.0,30,0.1521386056518555,2025-06-27,call,50.0,100.0,6.27,6.33,6.04
598.0,30,0.1507958456420898,2025-06-27,call,18.0,597.0,5.85,5.9,5.83
599.0,30,0.1494836029052734,2025-06-27,call,16.0,330.0,5.44,5.49,5.4
600.0,30,0.1482018774414062,2025-06-27,call,393.0,1518.0,5.05,5.1,4.8
601.0,30,0.1470117037963867,2025-06-27,call,106.0,523.0,4.68,4.73,5.08
605.0,30,0.1427087683105468,2025-06-27,call,722.0,1425.0,3.41,3.44,3.37
610.0,30,0.1389246264648437,2025-06-27,call,1617.0,3911.0,2.21,2.25,2.26
615.0,30,0.135750830078125,2025-06-27,call,972.0,1785.0,1.38,1.41,1.38
620.0,30,0.1337366900634765,2025-06-27,call,1625.0,2859.0,0.84,0.86,0.85
625.0,30,0.1323328955078125,2025-06-27,call,396.0,2155.0,0.49,0.51,0.52
630.0,30,0.1319666882324218,2025-06-27,call,418.0,1210.0,0.28,0.3,0.29
635.0,30,0.1325770336914062,2025-06-27,call,311.0,977.0,0.16,0.18,0.15
640.0,30,0.1340418627929687,2025-06-27,call,138.0,604.0,0.1,0.11,0.11
645.0,30,0.13868048828125,2025-06-27,call,110.0,817.0,0.06,0.08,0.06
528.0,33,0.312934116821289,2025-06-30,call,1.0,170.0,61.83,63.06,64.38
529.0,33,0.3072579040527343,2025-06-30,call,1.0,238.0,60.87,62.0,63.24
530.0,33,0.3045113494873046,2025-06-30,call,3.0,689.0,59.91,61.04,61.67
531.0,33,0.3287420642089843,2025-06-30,call,1.0,82.0,57.68,61.1,50.88
532.0,33,0.3021310021972656,2025-06-30,call,2.0,130.0,58.0,59.24,52.65
533.0,33,0.2992013439941405,2025-06-30,call,10.0,299.0,57.05,58.28,56.53
534.0,33,0.293830303955078,2025-06-30,call,1.0,181.0,56.1,57.23,49.3
535.0,33,0.3078682495117187,2025-06-30,call,6.0,646.0,54.46,56.93,59.78
536.0,33,0.2900461621093749,2025-06-30,call,6.0,213.0,54.21,55.39,57.69
537.0,33,0.2888254711914061,2025-06-30,call,1.0,161.0,53.26,54.5,47.83
538.0,33,0.2857737438964843,2025-06-30,call,5.0,120.0,52.32,53.54,44.21
539.0,33,0.2824168438720703,2025-06-30,call,1.0,115.0,51.38,52.57,55.71
540.0,33,0.2793040820312499,2025-06-30,call,33.0,1990.0,50.44,51.61,52.64
541.0,33,0.2778392529296875,2025-06-30,call,2.0,151.0,49.71,50.72,51.08
542.0,33,0.277778218383789,2025-06-30,call,1.0,293.0,47.55,49.89,51.88
543.0,33,0.2946847875976562,2025-06-30,call,1.0,399.0,46.62,49.82,44.89
544.0,33,0.291877198486328,2025-06-30,call,1.0,291.0,45.71,48.89,47.98
545.0,33,0.2889780575561522,2025-06-30,call,4.0,753.0,44.85,47.96,46.02
546.0,33,0.2862925375366211,2025-06-30,call,1.0,137.0,43.73,47.04,43.04
547.0,33,0.2835459829711914,2025-06-30,call,5.0,178.0,42.82,46.12,45.23
548.0,33,0.2803416693115234,2025-06-30,call,1.0,497.0,42.11,45.18,42.71
549.0,33,0.2781139083862304,2025-06-30,call,9.0,397.0,41.18,44.29,35.39
550.0,33,0.274848560180664,2025-06-30,call,9.0,1765.0,40.36,43.35,42.8
551.0,33,0.2723156265258788,2025-06-30,call,1.0,350.0,39.42,42.45,42.4
552.0,33,0.2685620019531249,2025-06-30,call,3.0,123.0,38.53,41.49,34.13
553.0,33,0.2659375164794921,2025-06-30,call,1.0,281.0,37.48,40.59,31.95
554.0,33,0.263251996459961,2025-06-30,call,2.0,358.0,36.75,39.69,32.45
555.0,33,0.2607190628051757,2025-06-30,call,4.0,1348.0,35.76,38.8,37.5
556.0,33,0.2571790591430664,2025-06-30,call,401.0,1015.0,34.86,37.86,31.07
557.0,33,0.254890263671875,2025-06-30,call,25.0,1573.0,34.13,36.99,34.66
558.0,33,0.2542188836669922,2025-06-30,call,5.0,236.0,33.14,36.21,37.3
559.0,33,0.2510450872802734,2025-06-30,call,3.0,1250.0,32.28,35.3,33.09
560.0,33,0.2446059426879883,2025-06-30,call,55.0,5325.0,31.63,34.21,34.7
561.0,33,0.2248917843627929,2025-06-30,call,43.0,1618.0,31.65,32.39,33.89
562.0,33,0.2417678363037109,2025-06-30,call,20.0,510.0,29.76,32.6,32.5
563.0,33,0.2190019506835937,2025-06-30,call,81.0,1239.0,29.94,30.59,32.12
564.0,33,0.2186052261352539,2025-06-30,call,22.0,839.0,28.99,29.84,29.45
565.0,33,0.2161638442993164,2025-06-30,call,106.0,1060.0,28.24,28.98,30.33
566.0,33,0.229927134399414,2025-06-30,call,8.0,494.0,26.46,29.08,28.65
567.0,33,0.2111895288085937,2025-06-30,call,24.0,840.0,26.4,27.27,26.62
568.0,33,0.2079852151489257,2025-06-30,call,80.0,1208.0,25.69,26.38,25.74
569.0,33,0.2070391796874999,2025-06-30,call,46.0,670.0,24.68,25.63,26.75
570.0,33,0.2041400387573241,2025-06-30,call,121.0,3441.0,23.9,24.77,26.23
571.0,33,0.2158891888427734,2025-06-30,call,65.0,318.0,22.45,24.83,24.89
572.0,33,0.2001727932739258,2025-06-30,call,124.0,944.0,22.27,23.18,22.67
573.0,33,0.2099993551635742,2025-06-30,call,89.0,462.0,20.92,23.15,21.47
574.0,33,0.195747788696289,2025-06-30,call,52.0,554.0,20.69,21.59,22.48
575.0,33,0.192818130493164,2025-06-30,call,128.0,2469.0,20.06,20.76,21.4
576.0,33,0.1912922668457031,2025-06-30,call,54.0,711.0,19.21,20.03,19.62
577.0,33,0.1985248605346679,2025-06-30,call,80.0,470.0,18.0,19.89,20.46
578.0,33,0.1814046704101562,2025-06-30,call,17.0,1155.0,18.05,18.14,17.73
579.0,33,0.1793905303955077,2025-06-30,call,10.0,394.0,17.31,17.4,18.02
580.0,33,0.1773763903808593,2025-06-30,call,148.0,5181.0,16.59,16.67,16.5
581.0,33,0.1754843194580078,2025-06-30,call,25.0,777.0,15.88,15.96,17.49
582.0,33,0.1734701794433593,2025-06-30,call,37.0,591.0,15.18,15.25,15.41
583.0,33,0.1715475912475585,2025-06-30,call,24.0,409.0,14.49,14.56,16.2
584.0,33,0.1697775894165039,2025-06-30,call,6.0,666.0,13.82,13.89,13.93
585.0,33,0.1679465530395508,2025-06-30,call,232.0,5441.0,13.16,13.23,13.2
586.0,33,0.1661002580261231,2025-06-30,call,22.0,898.0,12.51,12.58,12.21
587.0,33,0.1643455148315429,2025-06-30,call,57.0,19022.0,11.88,11.95,11.91
588.0,33,0.1626975820922852,2025-06-30,call,43.0,2472.0,11.27,11.34,11.37
589.0,33,0.1609886148071289,2025-06-30,call,773.0,1988.0,10.67,10.74,10.66
590.0,33,0.1593711993408203,2025-06-30,call,1413.0,21572.0,10.09,10.16,10.0
591.0,33,0.1578148184204101,2025-06-30,call,458.0,629.0,9.53,9.6,9.53
592.0,33,0.1561974029541015,2025-06-30,call,100.0,644.0,8.99,9.05,9.01
593.0,33,0.1546715393066406,2025-06-30,call,119.0,1061.0,8.46,8.52,8.42
594.0,33,0.1531761929321289,2025-06-30,call,229.0,426.0,7.95,8.01,7.97
595.0,33,0.1517723983764648,2025-06-30,call,600.0,4243.0,7.46,7.52,7.31
596.0,33,0.1502465347290039,2025-06-30,call,71.0,551.0,6.99,7.04,7.43
597.0,33,0.1489648092651367,2025-06-30,call,20.0,775.0,6.54,6.59,6.48
598.0,33,0.1475610147094727,2025-06-30,call,134.0,2531.0,6.11,6.15,5.8
599.0,33,0.1463708410644531,2025-06-30,call,467.0,948.0,5.7,5.74,5.73
600.0,33,0.1450891156005859,2025-06-30,call,858.0,15232.0,5.31,5.34,5.32
601.0,33,0.1438684246826171,2025-06-30,call,183.0,1246.0,4.93,4.96,4.84
602.0,33,0.1428613546752929,2025-06-30,call,178.0,360.0,4.58,4.61,4.66
603.0,33,0.1417932501220703,2025-06-30,call,83.0,1507.0,4.24,4.27,4.32
604.0,33,0.1409387664794922,2025-06-30,call,249.0,988.0,3.93,3.96,4.0
605.0,33,0.1399927310180664,2025-06-30,call,367.0,6858.0,3.63,3.66,3.7
606.0,33,0.1391382473754883,2025-06-30,call,50.0,1505.0,3.35,3.38,3.45
607.0,33,0.1383753155517578,2025-06-30,call,10.0,2275.0,3.09,3.12,3.69
608.0,33,0.1375513491821289,2025-06-30,call,192.0,3466.0,2.84,2.87,2.86
609.0,33,0.1368494519042969,2025-06-30,call,80.0,542.0,2.61,2.64,2.57
610.0,33,0.1362696237182617,2025-06-30,call,511.0,10204.0,2.39,2.43,2.4
611.0,33,0.1356287609863281,2025-06-30,call,53.0,673.0,2.19,2.23,2.15
612.0,33,0.1349573809814453,2025-06-30,call,74.0,1066.0,2.01,2.04,2.0
613.0,33,0.134499621887207,2025-06-30,call,63.0,1845.0,1.83,1.87,1.79
614.0,33,0.1339808282470703,2025-06-30,call,75.0,893.0,1.67,1.71,1.96
615.0,33,0.1334925518798828,2025-06-30,call,1253.0,8993.0,1.52,1.56,1.53
620.0,33,0.1314173773193359,2025-06-30,call,750.0,9719.0,0.95,0.97,0.96
625.0,33,0.1296473754882812,2025-06-30,call,168.0,4901.0,0.56,0.58,0.57
630.0,33,0.1292811682128906,2025-06-30,call,451.0,9156.0,0.33,0.35,0.33
635.0,33,0.1296473754882812,2025-06-30,call,348.0,3958.0,0.19,0.21,0.19
640.0,33,0.1308680664062499,2025-06-30,call,1112.0,4561.0,0.12,0.13,0.13
645.0,33,0.1342860009765625,2025-06-30,call,200.0,3956.0,0.07,0.09,0.08
530.0,36,0.3259344750976562,2025-07-03,call,21.0,20.0,58.96,62.4,53.19
535.0,36,0.3132698068237304,2025-07-03,call,14.0,1.0,54.29,57.73,58.27
545.0,36,0.2866282275390625,2025-07-03,call,,1.0,45.54,48.45,49.23
550.0,36,0.272346143798828,2025-07-03,call,6.0,3.0,40.99,43.83,44.13
558.0,36,0.2515943981933594,2025-07-03,call,,1.0,34.0,36.68,37.68
559.0,36,0.2511976736450195,2025-07-03,call,10.0,13.0,33.04,35.93,36.69
561.0,36,0.2434462863159179,2025-07-03,call,66.0,17.0,31.46,34.03,28.06
563.0,36,0.2399367999267577,2025-07-03,call,33.0,33.0,29.72,32.4,30.14
569.0,36,0.224067817993164,2025-07-03,call,5.0,2.0,24.88,27.29,27.3
570.0,36,0.219185054321289,2025-07-03,call,3.0,46.0,24.23,26.31,27.06
574.0,36,0.2110369424438476,2025-07-03,call,10.0,36.0,21.05,23.19,23.2
575.0,36,0.2063983169555663,2025-07-03,call,110.0,16.0,20.4,22.25,22.42
576.0,36,0.1911549391174316,2025-07-03,call,6.0,7.0,20.43,20.58,21.69
577.0,36,0.1890645059204102,2025-07-03,call,6.0,5.0,19.69,19.82,21.19
577.5,36,0.1881184704589843,2025-07-03,call,2.0,24.0,19.32,19.45,20.0
578.0,36,0.1871419177246094,2025-07-03,call,10.0,18.0,18.95,19.08,20.61
579.0,36,0.1852193295288085,2025-07-03,call,6.0,49.0,18.22,18.35,19.5
580.0,36,0.183327258605957,2025-07-03,call,23.0,47.0,17.5,17.63,17.14
581.0,36,0.1814351876831054,2025-07-03,call,9.0,70.0,16.79,16.92,18.32
582.0,36,0.1795431167602539,2025-07-03,call,8.0,9.0,16.1,16.22,16.15
582.5,36,0.1785360467529297,2025-07-03,call,20.0,20.0,15.75,15.87,12.51
583.0,36,0.1776205285644531,2025-07-03,call,1.0,37.0,15.41,15.53,16.88
584.0,36,0.1758505267333984,2025-07-03,call,22.0,20.0,14.74,14.86,17.0
585.0,36,0.1740500076293945,2025-07-03,call,73.0,74.0,14.08,14.2,13.85
586.0,36,0.1722494885253906,2025-07-03,call,3.0,100.0,13.44,13.55,14.66
587.0,36,0.1705405212402344,2025-07-03,call,9.0,73.0,12.81,12.92,13.42
587.5,36,0.1696860375976562,2025-07-03,call,42.0,36.0,12.5,12.61,12.53
588.0,36,0.168953623046875,2025-07-03,call,22.0,17.0,12.19,12.31,12.25
589.0,36,0.1671836212158203,2025-07-03,call,45.0,15.0,11.6,11.7,12.24
590.0,36,0.1652305157470703,2025-07-03,call,432.0,101.0,11.0,11.09,11.03
591.0,36,0.1634910311889648,2025-07-03,call,67.0,31.0,10.43,10.51,10.97
592.0,36,0.1619956848144531,2025-07-03,call,61.0,42.0,9.87,9.96,9.85
592.5,36,0.1611106838989258,2025-07-03,call,28.0,28.0,9.6,9.68,10.71
593.0,36,0.1604393038940429,2025-07-03,call,29.0,41.0,9.34,9.42,10.45
594.0,36,0.1588524057006836,2025-07-03,call,29.0,18.0,8.82,8.89,9.38
595.0,36,0.1574486111450195,2025-07-03,call,192.0,70.0,8.31,8.39,9.58
596.0,36,0.155983782043457,2025-07-03,call,22.0,43.0,7.83,7.9,8.3
597.0,36,0.154579987487793,2025-07-03,call,9.0,28.0,7.36,7.43,7.15
597.5,36,0.1538780902099609,2025-07-03,call,47.0,2.0,7.14,7.2,6.87
598.0,36,0.1532677447509766,2025-07-03,call,10.0,15.0,6.91,6.98,7.48
599.0,36,0.1518639501953125,2025-07-03,call,12.0,78.0,6.48,6.54,7.21
600.0,36,0.1507042938232422,2025-07-03,call,322.0,191.0,6.07,6.13,6.0
601.0,36,0.1494530856323242,2025-07-03,call,139.0,218.0,5.68,5.73,6.25
605.0,36,0.1451806674194335,2025-07-03,call,223.0,329.0,4.28,4.33,4.23
610.0,36,0.1408166973876953,2025-07-03,call,545.0,344.0,2.92,2.96,2.84
615.0,36,0.1378565219116211,2025-07-03,call,118.0,401.0,1.93,1.98,1.89
620.0,36,0.1353846228027344,2025-07-03,call,133.0,472.0,1.23,1.28,1.21
625.0,36,0.1337366900634765,2025-07-03,call,78.0,115.0,0.77,0.81,0.78
630.0,36,0.1325770336914062,2025-07-03,call,80.0,114.0,0.46,0.5,0.46
635.0,36,0.1323328955078125,2025-07-03,call,481.0,84.0,0.28,0.31,0.34
640.0,36,0.1323328955078125,2025-07-03,call,18.0,163.0,0.17,0.19,0.21
645.0,36,0.1335535864257812,2025-07-03,call,74.0,261.0,0.1,0.12,0.11
530.0,51,0.3091499749755859,2025-07-18,call,55.0,3931.0,61.29,64.27,65.99
535.0,51,0.2991097921752929,2025-07-18,call,8.0,4613.0,57.85,59.74,57.63
540.0,51,0.2876658148193358,2025-07-18,call,9.0,9833.0,52.2,55.17,55.54
543.0,51,0.2834544311523437,2025-07-18,call,,6.0,49.52,52.62,53.8
545.0,51,0.277778218383789,2025-07-18,call,26.0,2494.0,47.79,50.75,49.85
546.0,51,0.2745433874511719,2025-07-18,call,9.0,3.0,46.77,49.79,49.17
548.0,51,0.2705456246948242,2025-07-18,call,28.0,35.0,45.16,48.04,47.24
550.0,51,0.2604444073486328,2025-07-18,call,23.0,13271.0,43.9,45.89,44.86
552.0,51,0.2614819946289062,2025-07-18,call,1.0,30.0,41.87,44.5,38.48
555.0,51,0.2405471453857421,2025-07-18,call,6.0,6870.0,40.23,40.88,41.67
560.0,51,0.2298050653076171,2025-07-18,call,16.0,7884.0,35.88,36.56,36.1
561.0,51,0.242896975402832,2025-07-18,call,1.0,29.0,34.32,36.84,36.84
562.0,51,0.2410049044799804,2025-07-18,call,1.0,77.0,33.51,36.02,36.15
563.0,51,0.2286454089355468,2025-07-18,call,34.0,25.0,33.22,34.41,35.21
564.0,51,0.2363967962646484,2025-07-18,call,11.0,13.0,31.91,34.33,35.2
565.0,51,0.2216264361572265,2025-07-18,call,30.0,9030.0,31.8,32.53,33.15
566.0,51,0.2320786021423339,2025-07-18,call,34.0,40.0,30.33,32.68,27.24
567.0,51,0.2298966171264648,2025-07-18,call,6.0,9.0,29.55,31.86,31.94
570.0,51,0.2124407369995117,2025-07-18,call,51.0,11613.0,27.84,28.55,29.04
571.0,51,0.2220841952514647,2025-07-18,call,5.0,19.0,26.42,28.7,28.97
572.0,51,0.219459709777832,2025-07-18,call,2.0,48.0,25.71,27.87,27.06
573.0,51,0.2035144346618652,2025-07-18,call,67.0,15.0,25.86,25.95,27.52
574.0,51,0.2017291741943359,2025-07-18,call,58.0,54.0,25.1,25.19,24.99
575.0,51,0.1999591723632812,2025-07-18,call,63.0,11361.0,24.35,24.44,24.23
576.0,51,0.1981281359863281,2025-07-18,call,33.0,63.0,23.61,23.69,24.1
577.0,51,0.1964496859741211,2025-07-18,call,2.0,126.0,22.87,22.96,24.34
578.0,51,0.1946796841430664,2025-07-18,call,21.0,107.0,22.14,22.23,23.26
579.0,51,0.192818130493164,2025-07-18,call,4.0,116.0,21.43,21.5,22.66
580.0,51,0.1911091632080078,2025-07-18,call,92.0,11059.0,20.72,20.79,20.52
581.0,51,0.1894154545593261,2025-07-18,call,3.0,229.0,20.01,20.09,21.41
582.0,51,0.1876301940917968,2025-07-18,call,6.0,414.0,19.32,19.39,19.87
583.0,51,0.185982261352539,2025-07-18,call,3.0,821.0,18.64,18.71,19.08
584.0,51,0.1842275181579589,2025-07-18,call,69.0,426.0,17.96,18.03,18.67
585.0,51,0.1825948440551758,2025-07-18,call,333.0,6351.0,17.3,17.37,17.33
586.0,51,0.1808706181335448,2025-07-18,call,29.0,538.0,16.65,16.71,16.4
587.0,51,0.1792532026672363,2025-07-18,call,16.0,2327.0,16.01,16.07,15.93
588.0,51,0.1776510458374023,2025-07-18,call,190.0,644.0,15.38,15.44,15.54
589.0,51,0.1760336303710937,2025-07-18,call,132.0,635.0,14.76,14.82,14.81
590.0,51,0.174538283996582,2025-07-18,call,1661.0,13216.0,14.15,14.22,14.25
591.0,51,0.1729208685302734,2025-07-18,call,620.0,858.0,13.56,13.62,13.46
592.0,51,0.1713034530639648,2025-07-18,call,551.0,1095.0,12.97,13.03,12.87
593.0,51,0.1697775894165039,2025-07-18,call,312.0,950.0,12.41,12.46,12.26
594.0,51,0.1682364671325684,2025-07-18,call,269.0,922.0,11.85,11.9,11.98
595.0,51,0.1667868966674805,2025-07-18,call,1283.0,12323.0,11.31,11.36,11.31
596.0,51,0.1653373262023926,2025-07-18,call,97.0,1218.0,10.78,10.83,11.68
597.0,51,0.1639793075561523,2025-07-18,call,193.0,726.0,10.27,10.32,10.77
598.0,51,0.1625755130004882,2025-07-18,call,126.0,729.0,9.77,9.82,9.89
599.0,51,0.1611717184448242,2025-07-18,call,95.0,671.0,9.29,9.33,9.26
600.0,51,0.1597374066162109,2025-07-18,call,1576.0,21089.0,8.82,8.85,8.8
601.0,51,0.1586235261535644,2025-07-18,call,44.0,790.0,8.37,8.41,8.87
602.0,51,0.1573570593261719,2025-07-18,call,54.0,1316.0,7.93,7.97,7.8
603.0,51,0.1561974029541015,2025-07-18,call,46.0,767.0,7.51,7.55,7.44
604.0,51,0.155007229309082,2025-07-18,call,95.0,600.0,7.1,7.14,7.6
605.0,51,0.1539086074829102,2025-07-18,call,386.0,10144.0,6.71,6.75,6.77
606.0,51,0.1527642097473144,2025-07-18,call,27.0,1129.0,6.34,6.37,6.35
607.0,51,0.151726622467041,2025-07-18,call,19.0,758.0,5.98,6.01,6.23
608.0,51,0.1506585179138184,2025-07-18,call,86.0,810.0,5.63,5.66,5.4
609.0,51,0.149697223815918,2025-07-18,call,230.0,938.0,5.3,5.33,5.46
610.0,51,0.1488427401733398,2025-07-18,call,1188.0,19445.0,4.99,5.02,5.04
611.0,51,0.1478051528930664,2025-07-18,call,227.0,1163.0,4.69,4.71,4.77
612.0,51,0.1470727383422851,2025-07-18,call,171.0,634.0,4.4,4.43,4.52
613.0,51,0.1462792892456054,2025-07-18,call,291.0,953.0,4.13,4.16,4.05
614.0,51,0.1454858401489258,2025-07-18,call,409.0,1155.0,3.87,3.9,4.38
615.0,51,0.144692391052246,2025-07-18,call,609.0,38363.0,3.63,3.65,3.49
616.0,51,0.1440210110473632,2025-07-18,call,241.0,649.0,3.4,3.42,3.88
617.0,51,0.1433496310424805,2025-07-18,call,198.0,649.0,3.18,3.2,3.5
618.0,51,0.1426782510375976,2025-07-18,call,138.0,556.0,2.97,2.99,3.2
619.0,51,0.1421899746704101,2025-07-18,call,38.0,426.0,2.77,2.8,3.15
620.0,51,0.1415491119384765,2025-07-18,call,1342.0,20509.0,2.59,2.61,2.59
621.0,51,0.1410913528442383,2025-07-18,call,294.0,1130.0,2.41,2.44,2.55
622.0,51,0.1404810073852539,2025-07-18,call,73.0,561.0,2.24,2.27,2.37
623.0,51,0.1399011791992187,2025-07-18,call,182.0,940.0,2.09,2.11,2.02
624.0,51,0.1395349719238281,2025-07-18,call,198.0,928.0,1.94,1.97,1.85
625.0,51,0.1390466955566406,2025-07-18,call,351.0,13824.0,1.8,1.83,1.83
630.0,51,0.1367884173583984,2025-07-18,call,1115.0,14622.0,1.23,1.25,1.23
635.0,51,0.1350794500732422,2025-07-18,call,614.0,11818.0,0.82,0.84,0.85
640.0,51,0.1339808282470703,2025-07-18,call,1187.0,12468.0,0.54,0.56,0.55
645.0,51,0.1333094482421875,2025-07-18,call,834.0,14057.0,0.35,0.37,0.36
529.0,64,0.3053658331298828,2025-07-31,call,1.0,110.0,63.8,66.95,69.0
530.0,64,0.3034737622070312,2025-07-31,call,40.0,1815.0,63.08,66.05,67.74
535.0,64,0.2929758203124999,2025-07-31,call,1.0,568.0,58.53,61.5,61.93
538.0,64,0.2866587448120117,2025-07-31,call,1.0,23.0,55.72,58.79,61.0
539.0,64,0.2848582257080078,2025-07-31,call,,3.0,54.98,57.91,41.65
540.0,64,0.2836680520629882,2025-07-31,call,41.0,1000.0,54.17,57.08,57.65
542.0,64,0.2806773593139647,2025-07-31,call,10.0,11.0,52.4,55.38,57.42
543.0,64,0.2784495983886719,2025-07-31,call,1.0,35.0,51.52,54.48,55.56
545.0,64,0.2747264910888671,2025-07-31,call,7.0,1887.0,49.72,52.74,53.45
549.0,64,0.2536390554809571,2025-07-31,call,4.0,584.0,47.19,48.23,49.95
550.0,64,0.25196060546875,2025-07-31,call,4.0,2263.0,46.4,47.38,48.8
551.0,64,0.2637250141906738,2025-07-31,call,1.0,59.0,44.6,47.6,47.12
552.0,64,0.2616040637207031,2025-07-31,call,2.0,68.0,43.77,46.73,50.09
553.0,64,0.2595746650695801,2025-07-31,call,1.0,159.0,42.93,45.87,46.39
554.0,64,0.2575147491455078,2025-07-31,call,3.0,63.0,42.11,45.01,46.06
555.0,64,0.2423476644897461,2025-07-31,call,8.0,255.0,41.31,43.08,42.6
556.0,64,0.25196060546875,2025-07-31,call,1.0,52.0,40.6,43.18,42.01
557.0,64,0.2512281909179687,2025-07-31,call,6.0,50.0,39.67,42.44,44.96
558.0,64,0.2492445681762695,2025-07-31,call,4.0,69.0,38.86,41.6,42.34
559.0,64,0.2472456867980957,2025-07-31,call,4.0,65.0,38.05,40.76,38.44
560.0,64,0.2346267944335937,2025-07-31,call,15.0,791.0,37.82,39.02,40.17
561.0,64,0.2326126544189453,2025-07-31,call,2.0,695.0,37.02,38.18,39.23
562.0,64,0.2411880081176757,2025-07-31,call,2.0,175.0,35.65,38.26,31.65
563.0,64,0.2293778234863281,2025-07-31,call,2.0,841.0,35.4,36.58,37.55
564.0,64,0.2371597280883788,2025-07-31,call,1.0,205.0,34.07,36.61,37.89
565.0,64,0.2249375602722167,2025-07-31,call,26.0,2958.0,34.16,34.89,35.84
566.0,64,0.2332535171508789,2025-07-31,call,1.0,157.0,32.51,34.99,35.94
567.0,64,0.231452998046875,2025-07-31,call,1.0,439.0,31.74,34.2,27.16
568.0,64,0.2284012707519531,2025-07-31,call,1.0,107.0,31.07,33.3,27.56
569.0,64,0.227272131652832,2025-07-31,call,3.0,163.0,30.21,32.58,32.76
570.0,64,0.2154924642944335,2025-07-31,call,9.0,10636.0,30.25,30.89,31.81
571.0,64,0.210396079711914,2025-07-31,call,1.0,88.0,29.71,29.81,30.86
572.0,64,0.2086260778808593,2025-07-31,call,1.0,67.0,28.95,29.04,30.49
573.0,64,0.2070391796874999,2025-07-31,call,1.0,75.0,28.19,28.29,28.62
574.0,64,0.2053607296752929,2025-07-31,call,6.0,224.0,27.44,27.54,28.71
575.0,64,0.2036365037536621,2025-07-31,call,16.0,776.0,26.7,26.79,26.65
576.0,64,0.2019580537414551,2025-07-31,call,4.0,270.0,25.96,26.05,27.34
577.0,64,0.2003101210021972,2025-07-31,call,1.0,84.0,25.23,25.32,26.87
578.0,64,0.1985858950805664,2025-07-31,call,26.0,3176.0,24.51,24.59,26.47
579.0,64,0.1970295141601562,2025-07-31,call,5.0,275.0,23.8,23.88,23.88
580.0,64,0.1953815814208984,2025-07-31,call,10.0,2117.0,23.09,23.17,22.88
581.0,64,0.1937641659545898,2025-07-31,call,10.0,238.0,22.39,22.47,25.53
582.0,64,0.1920704573059082,2025-07-31,call,5.0,203.0,21.7,21.77,24.5
583.0,64,0.1904988177490234,2025-07-31,call,9.0,384.0,21.01,21.09,22.86
584.0,64,0.1888661436462402,2025-07-31,call,53.0,364.0,20.34,20.41,21.55
585.0,64,0.1872487281799316,2025-07-31,call,157.0,17466.0,19.67,19.74,19.39
586.0,64,0.1857686404418945,2025-07-31,call,5.0,328.0,19.01,19.09,19.55
587.0,64,0.1841817422485351,2025-07-31,call,86.0,756.0,18.36,18.44,18.31
588.0,64,0.1826253613281249,2025-07-31,call,32.0,428.0,17.73,17.8,17.62
589.0,64,0.1810689804077148,2025-07-31,call,190.0,185.0,17.1,17.17,17.05
590.0,64,0.1795431167602539,2025-07-31,call,434.0,1428.0,16.48,16.55,16.43
591.0,64,0.1780172531127929,2025-07-31,call,242.0,196.0,15.87,15.94,15.89
592.0,64,0.1765829412841797,2025-07-31,call,60.0,431.0,15.28,15.35,14.94
593.0,64,0.1750875949096679,2025-07-31,call,75.0,320.0,14.69,14.76,15.2
594.0,64,0.1736685417175293,2025-07-31,call,48.0,228.0,14.12,14.19,15.32
595.0,64,0.1722647471618652,2025-07-31,call,449.0,1236.0,13.56,13.63,13.57
596.0,64,0.1708609526062012,2025-07-31,call,22.0,244.0,13.01,13.08,14.17
597.0,64,0.1694571580505371,2025-07-31,call,27.0,317.0,12.47,12.54,12.71
598.0,64,0.1680381048583984,2025-07-31,call,1.0,320.0,11.94,12.01,12.35
599.0,64,0.166725862121582,2025-07-31,call,4.0,515.0,11.43,11.5,11.41
600.0,64,0.1654136193847656,2025-07-31,call,905.0,4296.0,10.93,11.0,10.59
601.0,64,0.1640861180114746,2025-07-31,call,14.0,310.0,10.45,10.51,11.61
602.0,64,0.1628501684570312,2025-07-31,call,6.0,226.0,9.97,10.04,10.96
603.0,64,0.1616294775390624,2025-07-31,call,6.0,633.0,9.51,9.58,9.29
604.0,64,0.1603782693481445,2025-07-31,call,47.0,348.0,9.07,9.13,9.8
605.0,64,0.1592186129760742,2025-07-31,call,42.0,5141.0,8.63,8.7,8.68
606.0,64,0.1580589566040039,2025-07-31,call,1.0,267.0,8.22,8.28,9.07
607.0,64,0.1568687829589844,2025-07-31,call,30.0,478.0,7.81,7.87,9.68
608.0,64,0.1558006784057617,2025-07-31,call,25.0,281.0,7.42,7.48,7.36
609.0,64,0.1547020565795898,2025-07-31,call,149.0,1199.0,7.04,7.1,7.0
610.0,64,0.1537255038452148,2025-07-31,call,52.0,1024.0,6.68,6.74,6.6
611.0,64,0.1527184338378906,2025-07-31,call,31.0,1163.0,6.33,6.39,6.7
612.0,64,0.1517113638305664,2025-07-31,call,82.0,2139.0,6.0,6.05,5.95
613.0,64,0.1508263629150391,2025-07-31,call,3.0,1855.0,5.68,5.73,6.25
614.0,64,0.1499108447265625,2025-07-31,call,29.0,742.0,5.37,5.42,5.5
615.0,64,0.1491173956298828,2025-07-31,call,1088.0,4300.0,5.07,5.13,4.98
616.0,64,0.1482018774414062,2025-07-31,call,3.0,367.0,4.79,4.84,4.96
617.0,64,0.1474084283447265,2025-07-31,call,5.0,314.0,4.52,4.57,5.03
618.0,64,0.1466149792480468,2025-07-31,call,6.0,321.0,4.26,4.31,4.95
619.0,64,0.1459741165161132,2025-07-31,call,61.0,459.0,4.02,4.07,4.08
620.0,64,0.1452111846923828,2025-07-31,call,91.0,4191.0,3.78,3.83,3.81
621.0,64,0.1445703219604492,2025-07-31,call,69.0,786.0,3.56,3.61,4.01
622.0,64,0.1438073901367187,2025-07-31,call,21.0,313.0,3.35,3.39,3.73
623.0,64,0.1432275619506836,2025-07-31,call,84.0,527.0,3.15,3.19,3.51
624.0,64,0.1426477337646484,2025-07-31,call,1025.0,591.0,2.95,3.0,3.31
625.0,64,0.1420984228515625,2025-07-31,call,191.0,1736.0,2.77,2.82,2.78
626.0,64,0.1414270428466797,2025-07-31,call,9.0,198.0,2.6,2.64,2.92
627.0,64,0.1409692837524414,2025-07-31,call,57.0,756.0,2.44,2.48,2.67
628.0,64,0.140358938293457,2025-07-31,call,4.0,654.0,2.28,2.32,2.61
629.0,64,0.1399927310180664,2025-07-31,call,350.0,1941.0,2.14,2.18,2.36
630.0,64,0.1392908337402344,2025-07-31,call,305.0,7823.0,2.0,2.03,1.97
631.0,64,0.1390466955566406,2025-07-31,call,238.0,2497.0,1.87,1.91,2.28
632.0,64,0.1384973846435547,2025-07-31,call,22.0,272.0,1.75,1.78,1.76
633.0,64,0.1380091082763672,2025-07-31,call,5.0,667.0,1.63,1.66,2.1
634.0,64,0.1375818664550781,2025-07-31,call,5.0,3124.0,1.52,1.55,1.62
635.0,64,0.1372766937255859,2025-07-31,call,4.0,1056.0,1.42,1.45,1.57
636.0,64,0.1368494519042969,2025-07-31,call,5.0,902.0,1.32,1.35,1.7
637.0,64,0.1365442791748047,2025-07-31,call,3.0,717.0,1.23,1.26,1.24
638.0,64,0.1363611755371093,2025-07-31,call,52.0,352.0,1.14,1.18,1.32
639.0,64,0.135750830078125,2025-07-31,call,5.0,771.0,1.07,1.09,1.27
640.0,64,0.1356287609863281,2025-07-31,call,15.0,2053.0,0.99,1.02,0.99
645.0,64,0.1343470355224609,2025-07-31,call,48.0,1463.0,0.68,0.71,0.67
528.0,79,0.3061897994995117,2025-08-15,call,1.0,430.0,67.3,70.09,65.04
529.0,79,0.3051827294921875,2025-08-15,call,3.0,501.0,66.29,69.26,60.9
530.0,79,0.3033516931152343,2025-08-15,call,6.0,1073.0,65.42,68.37,67.26
531.0,79,0.3010323803710937,2025-08-15,call,4.0,509.0,64.53,67.44,67.23
532.0,79,0.2999337585449219,2025-08-15,call,4.0,420.0,63.66,66.61,67.5
533.0,79,0.2980416876220703,2025-08-15,call,4.0,314.0,62.79,65.72,65.73
534.0,79,0.294806856689453,2025-08-15,call,4.0,420.0,62.06,64.72,65.04
535.0,79,0.2938608212280272,2025-08-15,call,4.0,3326.0,61.07,63.91,64.37
536.0,79,0.2908396112060546,2025-08-15,call,1.0,820.0,60.31,62.93,57.83
537.0,79,0.2886423675537108,2025-08-15,call,1.0,590.0,59.47,62.02,53.25
538.0,79,0.2881235739135741,2025-08-15,call,1.0,935.0,58.49,61.25,62.2
539.0,79,0.2862315029907226,2025-08-15,call,1.0,1665.0,57.63,60.37,64.82
540.0,79,0.2824473611450195,2025-08-15,call,5.0,3456.0,56.94,59.33,59.97
541.0,79,0.2709728665161133,2025-08-15,call,1.0,1245.0,56.78,57.64,60.16
542.0,79,0.2706371765136719,2025-08-15,call,5.0,1380.0,55.92,56.89,57.18
543.0,79,0.2688519160461425,2025-08-15,call,1.0,773.0,54.88,56.02,52.74
544.0,79,0.2673718283081054,2025-08-15,call,10.0,824.0,54.03,55.18,57.23
545.0,79,0.2637097555541992,2025-08-15,call,44.0,1748.0,53.26,54.15,56.4
546.0,79,0.2642438078308105,2025-08-15,call,20.0,725.0,52.33,53.49,56.0
547.0,79,0.2625806164550781,2025-08-15,call,1.0,903.0,51.47,52.64,57.45
548.0,79,0.2695843305969238,2025-08-15,call,1.0,479.0,50.03,52.57,54.07
549.0,79,0.2675701905822754,2025-08-15,call,3.0,508.0,49.19,51.7,57.85
550.0,79,0.2553785400390626,2025-08-15,call,9.0,4331.0,49.03,49.91,49.0
551.0,79,0.2628094960021973,2025-08-15,call,1.0,445.0,47.65,49.9,50.96
552.0,79,0.2531050032043457,2025-08-15,call,2.0,1798.0,47.48,48.33,48.69
553.0,79,0.2523420713806152,2025-08-15,call,67.0,808.0,46.42,47.58,46.59
554.0,79,0.2506788800048828,2025-08-15,call,1.0,617.0,45.6,46.75,48.25
555.0,79,0.2470473245239258,2025-08-15,call,1.0,3648.0,44.89,45.74,46.48
556.0,79,0.2471236177062988,2025-08-15,call,3.0,822.0,43.94,45.08,47.02
557.0,79,0.2456740472412109,2025-08-15,call,1.0,625.0,43.15,44.28,41.47
558.0,79,0.2509535354614257,2025-08-15,call,1.0,555.0,41.87,44.13,44.11
559.0,79,0.2422255953979492,2025-08-15,call,2.0,655.0,41.51,42.64,43.27
560.0,79,0.2388076608276367,2025-08-15,call,7.0,4748.0,40.82,41.66,44.96
561.0,79,0.2388534367370605,2025-08-15,call,10.0,1369.0,40.15,41.02,42.49
562.0,79,0.2427138717651367,2025-08-15,call,1.0,402.0,38.8,40.76,41.86
563.0,79,0.2357406748962401,2025-08-15,call,11.0,899.0,38.35,39.44,38.9
564.0,79,0.2338180867004394,2025-08-15,call,1.0,642.0,37.57,38.62,41.5
565.0,79,0.2304459280395507,2025-08-15,call,8.0,1615.0,36.84,37.66,38.03
566.0,79,0.2304459280395507,2025-08-15,call,1.0,647.0,36.01,37.04,36.12
567.0,79,0.2288132539367676,2025-08-15,call,12.0,1418.0,35.43,36.26,37.0
568.0,79,0.2254563539123535,2025-08-15,call,215.0,1113.0,34.44,35.31,35.6
569.0,79,0.2255021298217773,2025-08-15,call,1.0,1273.0,33.89,34.71,34.84
570.0,79,0.2196428134155273,2025-08-15,call,11.0,4573.0,33.41,33.51,33.45
571.0,79,0.2180253979492187,2025-08-15,call,3.0,751.0,32.65,32.75,33.34
572.0,79,0.2163927238464355,2025-08-15,call,1.0,1093.0,31.9,31.99,33.55
573.0,79,0.2147905670166015,2025-08-15,call,2.0,771.0,31.15,31.24,32.75
574.0,79,0.2131426342773437,2025-08-15,call,34.0,1077.0,30.4,30.49,32.46
575.0,79,0.2115404774475097,2025-08-15,call,15.0,3518.0,29.66,29.75,29.88
576.0,79,0.2099840965270996,2025-08-15,call,1.0,1404.0,28.93,29.02,30.13
577.0,79,0.2083666810607909,2025-08-15,call,3.0,1032.0,28.2,28.29,28.38
578.0,79,0.2067950415039062,2025-08-15,call,196.0,1914.0,27.48,27.57,27.52
579.0,79,0.2051776260375976,2025-08-15,call,14.0,1945.0,26.77,26.85,26.74
580.0,79,0.2035907278442382,2025-08-15,call,112.0,6125.0,26.06,26.14,25.7
585.0,79,0.1957935646057129,2025-08-15,call,60.0,4194.0,22.62,22.7,22.66
590.0,79,0.1881642463684081,2025-08-15,call,1192.0,10676.0,19.38,19.45,19.45
595.0,79,0.1809774285888671,2025-08-15,call,382.0,8004.0,16.37,16.44,16.33
600.0,79,0.1740500076293945,2025-08-15,call,2479.0,27167.0,13.6,13.67,13.78
605.0,79,0.1676108630371094,2025-08-15,call,494.0,4258.0,11.12,11.18,10.99
610.0,79,0.1618125811767577,2025-08-15,call,271.0,13258.0,8.94,9.0,9.44
615.0,79,0.1565788688659668,2025-08-15,call,247.0,11725.0,7.06,7.12,6.84
620.0,79,0.1519555020141602,2025-08-15,call,230.0,10888.0,5.49,5.54,5.44
625.0,79,0.1480492910766602,2025-08-15,call,371.0,14395.0,4.2,4.25,4.21
630.0,79,0.1446618737792968,2025-08-15,call,2327.0,6712.0,3.17,3.21,3.18
635.0,79,0.1419458364868164,2025-08-15,call,238.0,8643.0,2.36,2.4,2.35
640.0,79,0.1396265237426758,2025-08-15,call,106.0,7823.0,1.74,1.77,1.73
645.0,79,0.137703935546875,2025-08-15,call,62.0,11952.0,1.26,1.29,1.35
